AppName;ComponentName;MemberName;MemberInfo;Value
QuickNSmart;NavMenu;Home;;{"Type":"MenuItem","Text":"Home","Value":"home","Path":"/","Icon":"home","Order":1}
QuickNSmart;NavMenu;MusicStore;;{"Type":"MenuItem","Text":"MusicStore","Value":"musicstore","Path":"/","Icon":"storage","Order":1}
QuickNSmart;NavMenu;MusicStore;Genre;{"Type":"MenuItem","Text":"Genre","Value":"genre","Path":"Genre","Icon":"category","Order":1}
QuickNSmart;NavMenu;MusicStore;Artist;{"Type":"MenuItem","Text":"Kï¿½nstler","Value":"artist","Path":"Artist","Icon":"face","Order":2}
QuickNSmart;NavMenu;MusicStore;Album;{"Type":"MenuItem","Text":"Album","Value":"album","Path":"Album","Icon":"collections","Order":3}
QuickNSmart;NavMenu;MusicStore;Track;{"Type":"MenuItem","Text":"Track","Value":"track","Path":"Track","Icon":"equalizer","Order":4}
QuickNSmart;EditForm;PageSize;;50
QuickNSmart;EditFormDataGrid;Setting;;{"Type":"DataGridSetting","HasDataGridProgress":true,"HasEditDialogHeader":false,"HasEditDialogFooter":true,"HasDeleteDialogHeader":false,"HasDeleteDialogFooter":true}
QuickNSmart;EditFormDataGrid;EditOptions;;{"Type":"DialogOptions","ShowTitle":true,"ShowClose":true,"Left":"","Top":"","Bottom":"","Width":"800px","Height":""}
QuickNSmart;EditFormDataGrid;DeleteOptions;;{"Type":"DialogOptions","ShowTitle":true,"ShowClose":true,"Left":"","Top":"","Bottom":"","Width":"800px","Height":""}
QuickNSmart;EditForm;TextBox;;{"Type":"DisplaySetting","ScaffoldItem":true,"IsModelItem":false,"Readonly":false,"FormatValue":"","Visible":true,"DisplayVisible":true,"EditVisible":true,"ListVisible":true,"ListSortable":true,"ListFilterable":true,"ListWidth":"100%","Order":10000}
QuickNSmart;EditForm;TextArea;;{"Type":"DisplaySetting","ScaffoldItem":true,"IsModelItem":false,"Readonly":false,"FormatValue":"","Visible":true,"DisplayVisible":true,"EditVisible":true,"ListVisible":true,"ListSortable":true,"ListFilterable":true,"ListWidth":"100%","Order":10000}
QuickNSmart;EditForm;TextBoxRequired;;{"Type":"DisplaySetting","ScaffoldItem":true,"IsModelItem":false,"Readonly":false,"FormatValue":"","Visible":true,"DisplayVisible":true,"EditVisible":true,"ListVisible":true,"ListSortable":true,"ListFilterable":true,"ListWidth":"100%","Order":10000}
QuickNSmart;EditForm;TextAreaReadonly;;{"Type":"DisplaySetting","ScaffoldItem":true,"IsModelItem":false,"Readonly":false,"FormatValue":"","Visible":true,"DisplayVisible":true,"EditVisible":true,"ListVisible":true,"ListSortable":true,"ListFilterable":true,"ListWidth":"100%","Order":10000}
QuickNSmart;EditForm;EnumState;;{"Type":"DisplaySetting","ScaffoldItem":true,"IsModelItem":false,"Readonly":false,"FormatValue":"","Visible":true,"DisplayVisible":true,"EditVisible":true,"ListVisible":true,"ListSortable":true,"ListFilterable":true,"ListWidth":"100px","Order":10000}
QuickNSmart;EditForm;CheckBox;;{"Type":"DisplaySetting","ScaffoldItem":true,"IsModelItem":false,"Readonly":false,"FormatValue":"","Visible":true,"DisplayVisible":true,"EditVisible":true,"ListVisible":true,"ListSortable":true,"ListFilterable":true,"ListWidth":"100%","Order":10000}
QuickNSmart;EditForm;CheckBoxNullable;;{"Type":"DisplaySetting","ScaffoldItem":true,"IsModelItem":false,"Readonly":false,"FormatValue":"","Visible":true,"DisplayVisible":true,"EditVisible":true,"ListVisible":true,"ListSortable":true,"ListFilterable":true,"ListWidth":"100%","Order":10000}
QuickNSmart;EditForm;ByteValue;;{"Type":"DisplaySetting","ScaffoldItem":true,"IsModelItem":false,"Readonly":false,"FormatValue":"","Visible":true,"DisplayVisible":true,"EditVisible":true,"ListVisible":true,"ListSortable":true,"ListFilterable":true,"ListWidth":"100px","Order":10000}
QuickNSmart;EditForm;ByteNullable;;{"Type":"DisplaySetting","ScaffoldItem":true,"IsModelItem":false,"Readonly":false,"FormatValue":"","Visible":true,"DisplayVisible":true,"EditVisible":true,"ListVisible":true,"ListSortable":true,"ListFilterable":true,"ListWidth":"100px","Order":10000}
QuickNSmart;EditForm;ShortValue;;{"Type":"DisplaySetting","ScaffoldItem":true,"IsModelItem":false,"Readonly":false,"FormatValue":"","Visible":true,"DisplayVisible":true,"EditVisible":true,"ListVisible":true,"ListSortable":true,"ListFilterable":true,"ListWidth":"100px","Order":10000}
QuickNSmart;EditForm;ShortNullable;;{"Type":"DisplaySetting","ScaffoldItem":true,"IsModelItem":false,"Readonly":false,"FormatValue":"","Visible":true,"DisplayVisible":true,"EditVisible":true,"ListVisible":true,"ListSortable":true,"ListFilterable":true,"ListWidth":"100px","Order":10000}
QuickNSmart;EditForm;IntegerValue;;{"Type":"DisplaySetting","ScaffoldItem":true,"IsModelItem":false,"Readonly":false,"FormatValue":"","Visible":true,"DisplayVisible":true,"EditVisible":true,"ListVisible":true,"ListSortable":true,"ListFilterable":true,"ListWidth":"100px","Order":10000}
QuickNSmart;EditForm;IntegerNullable;;{"Type":"DisplaySetting","ScaffoldItem":true,"IsModelItem":false,"Readonly":false,"FormatValue":"","Visible":true,"DisplayVisible":true,"EditVisible":true,"ListVisible":true,"ListSortable":true,"ListFilterable":true,"ListWidth":"100px","Order":10000}
QuickNSmart;EditForm;DoubleValue;;{"Type":"DisplaySetting","ScaffoldItem":true,"IsModelItem":false,"Readonly":false,"FormatValue":"","Visible":true,"DisplayVisible":true,"EditVisible":true,"ListVisible":true,"ListSortable":true,"ListFilterable":true,"ListWidth":"100px","Order":10000}
QuickNSmart;EditForm;DoubleNullable;;{"Type":"DisplaySetting","ScaffoldItem":true,"IsModelItem":false,"Readonly":false,"FormatValue":"","Visible":true,"DisplayVisible":true,"EditVisible":true,"ListVisible":true,"ListSortable":true,"ListFilterable":true,"ListWidth":"100px","Order":10000}
QuickNSmart;EditForm;DateTimeValue;;{"Type":"DisplaySetting","ScaffoldItem":true,"IsModelItem":false,"Readonly":false,"FormatValue":"","Visible":true,"DisplayVisible":true,"EditVisible":true,"ListVisible":true,"ListSortable":true,"ListFilterable":true,"ListWidth":"150px","Order":10000}
QuickNSmart;EditForm;DateTimeNullable;;{"Type":"DisplaySetting","ScaffoldItem":true,"IsModelItem":false,"Readonly":false,"FormatValue":"","Visible":true,"DisplayVisible":true,"EditVisible":true,"ListVisible":true,"ListSortable":true,"ListFilterable":true,"ListWidth":"150px","Order":10000}
QuickNSmart;EditForm;TimeSpanValue;;{"Type":"DisplaySetting","ScaffoldItem":true,"IsModelItem":false,"Readonly":false,"FormatValue":"","Visible":true,"DisplayVisible":true,"EditVisible":true,"ListVisible":true,"ListSortable":true,"ListFilterable":true,"ListWidth":"100%","Order":10000}
QuickNSmart;EditForm;TimeSpanNullable;;{"Type":"DisplaySetting","ScaffoldItem":true,"IsModelItem":false,"Readonly":false,"FormatValue":"","Visible":true,"DisplayVisible":true,"EditVisible":true,"ListVisible":true,"ListSortable":true,"ListFilterable":true,"ListWidth":"100%","Order":10000}
QuickNSmart;EditForm;RowVersion;;{"Type":"DisplaySetting","ScaffoldItem":true,"IsModelItem":false,"Readonly":false,"FormatValue":"","Visible":false,"DisplayVisible":true,"EditVisible":true,"ListVisible":true,"ListSortable":true,"ListFilterable":true,"ListWidth":"100%","Order":10000}
QuickNSmart;EditForm;Id;;{"Type":"DisplaySetting","ScaffoldItem":true,"IsModelItem":false,"Readonly":false,"FormatValue":"","Visible":false,"DisplayVisible":true,"EditVisible":true,"ListVisible":true,"ListSortable":true,"ListFilterable":true,"ListWidth":"100px","Order":10000}
QuickNSmart;Album;PageSize;;50
QuickNSmart;AlbumDataGrid;Setting;;{"Type":"DataGridSetting","HasDataGridProgress":true,"HasEditDialogHeader":false,"HasEditDialogFooter":true,"HasDeleteDialogHeader":false,"HasDeleteDialogFooter":true}
QuickNSmart;AlbumDataGrid;EditOptions;;{"Type":"DialogOptions","ShowTitle":true,"ShowClose":true,"Left":"","Top":"","Bottom":"","Width":"800px","Height":""}
QuickNSmart;AlbumDataGrid;DeleteOptions;;{"Type":"DialogOptions","ShowTitle":true,"ShowClose":true,"Left":"","Top":"","Bottom":"","Width":"800px","Height":""}
QuickNSmart;Album;ArtistId;;{"Type":"DisplaySetting","ScaffoldItem":true,"IsModelItem":false,"Readonly":false,"FormatValue":"","Visible":true,"DisplayVisible":true,"EditVisible":true,"ListVisible":true,"ListSortable":true,"ListFilterable":true,"ListWidth":"100px","Order":10000}
QuickNSmart;Album;State;;{"Type":"DisplaySetting","ScaffoldItem":true,"IsModelItem":false,"Readonly":false,"FormatValue":"","Visible":true,"DisplayVisible":true,"EditVisible":true,"ListVisible":true,"ListSortable":true,"ListFilterable":true,"ListWidth":"100px","Order":10000}
QuickNSmart;Album;Title;;{"Type":"DisplaySetting","ScaffoldItem":true,"IsModelItem":false,"Readonly":false,"FormatValue":"","Visible":true,"DisplayVisible":true,"EditVisible":true,"ListVisible":true,"ListSortable":true,"ListFilterable":true,"ListWidth":"100%","Order":10000}
QuickNSmart;Album;RowVersion;;{"Type":"DisplaySetting","ScaffoldItem":true,"IsModelItem":false,"Readonly":false,"FormatValue":"","Visible":false,"DisplayVisible":true,"EditVisible":true,"ListVisible":true,"ListSortable":true,"ListFilterable":true,"ListWidth":"100%","Order":10000}
QuickNSmart;Album;Id;;{"Type":"DisplaySetting","ScaffoldItem":true,"IsModelItem":false,"Readonly":false,"FormatValue":"","Visible":false,"DisplayVisible":true,"EditVisible":true,"ListVisible":true,"ListSortable":true,"ListFilterable":true,"ListWidth":"100px","Order":10000}
QuickNSmart;Artist;PageSize;;50
QuickNSmart;ArtistDataGrid;Setting;;{"Type":"DataGridSetting","HasDataGridProgress":true,"HasEditDialogHeader":false,"HasEditDialogFooter":true,"HasDeleteDialogHeader":false,"HasDeleteDialogFooter":true}
QuickNSmart;ArtistDataGrid;EditOptions;;{"Type":"DialogOptions","ShowTitle":true,"ShowClose":true,"Left":"","Top":"","Bottom":"","Width":"800px","Height":""}
QuickNSmart;ArtistDataGrid;DeleteOptions;;{"Type":"DialogOptions","ShowTitle":true,"ShowClose":true,"Left":"","Top":"","Bottom":"","Width":"800px","Height":""}
QuickNSmart;Artist;Name;;{"Type":"DisplaySetting","ScaffoldItem":true,"IsModelItem":false,"Readonly":false,"FormatValue":"","Visible":true,"DisplayVisible":true,"EditVisible":true,"ListVisible":true,"ListSortable":true,"ListFilterable":true,"ListWidth":"100%","Order":10000}
QuickNSmart;Artist;State;;{"Type":"DisplaySetting","ScaffoldItem":true,"IsModelItem":false,"Readonly":false,"FormatValue":"","Visible":true,"DisplayVisible":true,"EditVisible":true,"ListVisible":true,"ListSortable":true,"ListFilterable":true,"ListWidth":"100px","Order":10000}
QuickNSmart;Artist;RowVersion;;{"Type":"DisplaySetting","ScaffoldItem":true,"IsModelItem":false,"Readonly":false,"FormatValue":"","Visible":false,"DisplayVisible":true,"EditVisible":true,"ListVisible":true,"ListSortable":true,"ListFilterable":true,"ListWidth":"100%","Order":10000}
QuickNSmart;Artist;Id;;{"Type":"DisplaySetting","ScaffoldItem":true,"IsModelItem":false,"Readonly":false,"FormatValue":"","Visible":false,"DisplayVisible":true,"EditVisible":true,"ListVisible":true,"ListSortable":true,"ListFilterable":true,"ListWidth":"100px","Order":10000}
QuickNSmart;Genre;PageSize;;50
QuickNSmart;GenreDataGrid;Setting;;{"Type":"DataGridSetting","HasDataGridProgress":true,"HasEditDialogHeader":false,"HasEditDialogFooter":true,"HasDeleteDialogHeader":false,"HasDeleteDialogFooter":true}
QuickNSmart;GenreDataGrid;EditOptions;;{"Type":"DialogOptions","ShowTitle":true,"ShowClose":true,"Left":"","Top":"","Bottom":"","Width":"800px","Height":""}
QuickNSmart;GenreDataGrid;DeleteOptions;;{"Type":"DialogOptions","ShowTitle":true,"ShowClose":true,"Left":"","Top":"","Bottom":"","Width":"800px","Height":""}
QuickNSmart;Genre;State;;{"Type":"DisplaySetting","ScaffoldItem":true,"IsModelItem":false,"Readonly":false,"FormatValue":"","Visible":true,"DisplayVisible":true,"EditVisible":true,"ListVisible":true,"ListSortable":true,"ListFilterable":true,"ListWidth":"100px","Order":10000}
QuickNSmart;Genre;Name;;{"Type":"DisplaySetting","ScaffoldItem":true,"IsModelItem":false,"Readonly":false,"FormatValue":"","Visible":true,"DisplayVisible":true,"EditVisible":true,"ListVisible":true,"ListSortable":true,"ListFilterable":true,"ListWidth":"100%","Order":10000}
QuickNSmart;Genre;RowVersion;;{"Type":"DisplaySetting","ScaffoldItem":true,"IsModelItem":false,"Readonly":false,"FormatValue":"","Visible":false,"DisplayVisible":true,"EditVisible":true,"ListVisible":true,"ListSortable":true,"ListFilterable":true,"ListWidth":"100%","Order":10000}
QuickNSmart;Genre;Id;;{"Type":"DisplaySetting","ScaffoldItem":true,"IsModelItem":false,"Readonly":false,"FormatValue":"","Visible":false,"DisplayVisible":true,"EditVisible":true,"ListVisible":true,"ListSortable":true,"ListFilterable":true,"ListWidth":"100px","Order":10000}
QuickNSmart;GenreEx;PageSize;;50
QuickNSmart;GenreExDataGrid;Setting;;{"Type":"DataGridSetting","HasDataGridProgress":true,"HasEditDialogHeader":false,"HasEditDialogFooter":true,"HasDeleteDialogHeader":false,"HasDeleteDialogFooter":true}
QuickNSmart;GenreExDataGrid;EditOptions;;{"Type":"DialogOptions","ShowTitle":true,"ShowClose":true,"Left":"","Top":"","Bottom":"","Width":"800px","Height":""}
QuickNSmart;GenreExDataGrid;DeleteOptions;;{"Type":"DialogOptions","ShowTitle":true,"ShowClose":true,"Left":"","Top":"","Bottom":"","Width":"800px","Height":""}
QuickNSmart;GenreEx;Note;;{"Type":"DisplaySetting","ScaffoldItem":true,"IsModelItem":false,"Readonly":false,"FormatValue":"","Visible":true,"DisplayVisible":true,"EditVisible":true,"ListVisible":true,"ListSortable":true,"ListFilterable":true,"ListWidth":"100%","Order":10000}
QuickNSmart;GenreEx;State;;{"Type":"DisplaySetting","ScaffoldItem":true,"IsModelItem":false,"Readonly":false,"FormatValue":"","Visible":true,"DisplayVisible":true,"EditVisible":true,"ListVisible":true,"ListSortable":true,"ListFilterable":true,"ListWidth":"100px","Order":10000}
QuickNSmart;GenreEx;Name;;{"Type":"DisplaySetting","ScaffoldItem":true,"IsModelItem":false,"Readonly":false,"FormatValue":"","Visible":true,"DisplayVisible":true,"EditVisible":true,"ListVisible":true,"ListSortable":true,"ListFilterable":true,"ListWidth":"100%","Order":10000}
QuickNSmart;GenreEx;RowVersion;;{"Type":"DisplaySetting","ScaffoldItem":true,"IsModelItem":false,"Readonly":false,"FormatValue":"","Visible":false,"DisplayVisible":true,"EditVisible":true,"ListVisible":true,"ListSortable":true,"ListFilterable":true,"ListWidth":"100%","Order":10000}
QuickNSmart;GenreEx;Id;;{"Type":"DisplaySetting","ScaffoldItem":true,"IsModelItem":false,"Readonly":false,"FormatValue":"","Visible":false,"DisplayVisible":true,"EditVisible":true,"ListVisible":true,"ListSortable":true,"ListFilterable":true,"ListWidth":"100px","Order":10000}
QuickNSmart;Track;PageSize;;50
QuickNSmart;TrackDataGrid;Setting;;{"Type":"DataGridSetting","HasDataGridProgress":true,"HasEditDialogHeader":false,"HasEditDialogFooter":true,"HasDeleteDialogHeader":false,"HasDeleteDialogFooter":true}
QuickNSmart;TrackDataGrid;EditOptions;;{"Type":"DialogOptions","ShowTitle":true,"ShowClose":true,"Left":"","Top":"","Bottom":"","Width":"800px","Height":""}
QuickNSmart;TrackDataGrid;DeleteOptions;;{"Type":"DialogOptions","ShowTitle":true,"ShowClose":true,"Left":"","Top":"","Bottom":"","Width":"800px","Height":""}
QuickNSmart;Track;AlbumId;;{"Type":"DisplaySetting","ScaffoldItem":true,"IsModelItem":false,"Readonly":false,"FormatValue":"","Visible":true,"DisplayVisible":true,"EditVisible":true,"ListVisible":true,"ListSortable":true,"ListFilterable":true,"ListWidth":"100px","Order":10000}
QuickNSmart;Track;GenreId;;{"Type":"DisplaySetting","ScaffoldItem":true,"IsModelItem":false,"Readonly":false,"FormatValue":"","Visible":true,"DisplayVisible":true,"EditVisible":true,"ListVisible":true,"ListSortable":true,"ListFilterable":true,"ListWidth":"100px","Order":10000}
QuickNSmart;Track;Title;;{"Type":"DisplaySetting","ScaffoldItem":true,"IsModelItem":false,"Readonly":false,"FormatValue":"","Visible":true,"DisplayVisible":true,"EditVisible":true,"ListVisible":true,"ListSortable":true,"ListFilterable":true,"ListWidth":"100%","Order":10000}
QuickNSmart;Track;Composer;;{"Type":"DisplaySetting","ScaffoldItem":true,"IsModelItem":false,"Readonly":false,"FormatValue":"","Visible":true,"DisplayVisible":true,"EditVisible":true,"ListVisible":true,"ListSortable":true,"ListFilterable":true,"ListWidth":"100%","Order":10000}
QuickNSmart;Track;Milliseconds;;{"Type":"DisplaySetting","ScaffoldItem":true,"IsModelItem":false,"Readonly":false,"FormatValue":"","Visible":true,"DisplayVisible":true,"EditVisible":true,"ListVisible":true,"ListSortable":true,"ListFilterable":true,"ListWidth":"100px","Order":10000}
QuickNSmart;Track;Bytes;;{"Type":"DisplaySetting","ScaffoldItem":true,"IsModelItem":false,"Readonly":false,"FormatValue":"","Visible":true,"DisplayVisible":true,"EditVisible":true,"ListVisible":true,"ListSortable":true,"ListFilterable":true,"ListWidth":"100px","Order":10000}
QuickNSmart;Track;UnitPrice;;{"Type":"DisplaySetting","ScaffoldItem":true,"IsModelItem":false,"Readonly":false,"FormatValue":"","Visible":true,"DisplayVisible":true,"EditVisible":true,"ListVisible":true,"ListSortable":true,"ListFilterable":true,"ListWidth":"100px","Order":10000}
QuickNSmart;Track;State;;{"Type":"DisplaySetting","ScaffoldItem":true,"IsModelItem":false,"Readonly":false,"FormatValue":"","Visible":true,"DisplayVisible":true,"EditVisible":true,"ListVisible":true,"ListSortable":true,"ListFilterable":true,"ListWidth":"100px","Order":10000}
QuickNSmart;Track;RowVersion;;{"Type":"DisplaySetting","ScaffoldItem":true,"IsModelItem":false,"Readonly":false,"FormatValue":"","Visible":false,"DisplayVisible":true,"EditVisible":true,"ListVisible":true,"ListSortable":true,"ListFilterable":true,"ListWidth":"100%","Order":10000}
QuickNSmart;Track;Id;;{"Type":"DisplaySetting","ScaffoldItem":true,"IsModelItem":false,"Readonly":false,"FormatValue":"","Visible":false,"DisplayVisible":true,"EditVisible":true,"ListVisible":true,"ListSortable":true,"ListFilterable":true,"ListWidth":"100px","Order":10000}
QuickNSmart;ViewFullTrack;PageSize;;50
QuickNSmart;ViewFullTrackDataGrid;Setting;;{"Type":"DataGridSetting","HasDataGridProgress":true,"HasEditDialogHeader":false,"HasEditDialogFooter":true,"HasDeleteDialogHeader":false,"HasDeleteDialogFooter":true}
QuickNSmart;ViewFullTrackDataGrid;EditOptions;;{"Type":"DialogOptions","ShowTitle":true,"ShowClose":true,"Left":"","Top":"","Bottom":"","Width":"800px","Height":""}
QuickNSmart;ViewFullTrackDataGrid;DeleteOptions;;{"Type":"DialogOptions","ShowTitle":true,"ShowClose":true,"Left":"","Top":"","Bottom":"","Width":"800px","Height":""}
QuickNSmart;ViewFullTrack;AlbumId;;{"Type":"DisplaySetting","ScaffoldItem":true,"IsModelItem":false,"Readonly":false,"FormatValue":"","Visible":true,"DisplayVisible":true,"EditVisible":true,"ListVisible":true,"ListSortable":true,"ListFilterable":true,"ListWidth":"100px","Order":10000}
QuickNSmart;ViewFullTrack;GenreId;;{"Type":"DisplaySetting","ScaffoldItem":true,"IsModelItem":false,"Readonly":false,"FormatValue":"","Visible":true,"DisplayVisible":true,"EditVisible":true,"ListVisible":true,"ListSortable":true,"ListFilterable":true,"ListWidth":"100px","Order":10000}
QuickNSmart;ViewFullTrack;Title;;{"Type":"DisplaySetting","ScaffoldItem":true,"IsModelItem":false,"Readonly":false,"FormatValue":"","Visible":true,"DisplayVisible":true,"EditVisible":true,"ListVisible":true,"ListSortable":true,"ListFilterable":true,"ListWidth":"100%","Order":10000}
QuickNSmart;ViewFullTrack;Composer;;{"Type":"DisplaySetting","ScaffoldItem":true,"IsModelItem":false,"Readonly":false,"FormatValue":"","Visible":true,"DisplayVisible":true,"EditVisible":true,"ListVisible":true,"ListSortable":true,"ListFilterable":true,"ListWidth":"100%","Order":10000}
QuickNSmart;ViewFullTrack;Milliseconds;;{"Type":"DisplaySetting","ScaffoldItem":true,"IsModelItem":false,"Readonly":false,"FormatValue":"","Visible":true,"DisplayVisible":true,"EditVisible":true,"ListVisible":true,"ListSortable":true,"ListFilterable":true,"ListWidth":"100px","Order":10000}
QuickNSmart;ViewFullTrack;Bytes;;{"Type":"DisplaySetting","ScaffoldItem":true,"IsModelItem":false,"Readonly":false,"FormatValue":"","Visible":true,"DisplayVisible":true,"EditVisible":true,"ListVisible":true,"ListSortable":true,"ListFilterable":true,"ListWidth":"100px","Order":10000}
QuickNSmart;ViewFullTrack;UnitPrice;;{"Type":"DisplaySetting","ScaffoldItem":true,"IsModelItem":false,"Readonly":false,"FormatValue":"","Visible":true,"DisplayVisible":true,"EditVisible":true,"ListVisible":true,"ListSortable":true,"ListFilterable":true,"ListWidth":"100px","Order":10000}
QuickNSmart;ViewFullTrack;GenreName;;{"Type":"DisplaySetting","ScaffoldItem":true,"IsModelItem":false,"Readonly":false,"FormatValue":"","Visible":true,"DisplayVisible":true,"EditVisible":true,"ListVisible":true,"ListSortable":true,"ListFilterable":true,"ListWidth":"100%","Order":10000}
QuickNSmart;ViewFullTrack;AlbumTitle;;{"Type":"DisplaySetting","ScaffoldItem":true,"IsModelItem":false,"Readonly":false,"FormatValue":"","Visible":true,"DisplayVisible":true,"EditVisible":true,"ListVisible":true,"ListSortable":true,"ListFilterable":true,"ListWidth":"100%","Order":10000}
QuickNSmart;ViewFullTrack;RowVersion;;{"Type":"DisplaySetting","ScaffoldItem":true,"IsModelItem":false,"Readonly":false,"FormatValue":"","Visible":false,"DisplayVisible":true,"EditVisible":true,"ListVisible":true,"ListSortable":true,"ListFilterable":true,"ListWidth":"100%","Order":10000}
QuickNSmart;ViewFullTrack;Id;;{"Type":"DisplaySetting","ScaffoldItem":true,"IsModelItem":false,"Readonly":false,"FormatValue":"","Visible":false,"DisplayVisible":true,"EditVisible":true,"ListVisible":true,"ListSortable":true,"ListFilterable":true,"ListWidth":"100px","Order":10000}
QuickNSmart;ViewTrack;PageSize;;50
QuickNSmart;ViewTrackDataGrid;Setting;;{"Type":"DataGridSetting","HasDataGridProgress":true,"HasEditDialogHeader":false,"HasEditDialogFooter":true,"HasDeleteDialogHeader":false,"HasDeleteDialogFooter":true}
QuickNSmart;ViewTrackDataGrid;EditOptions;;{"Type":"DialogOptions","ShowTitle":true,"ShowClose":true,"Left":"","Top":"","Bottom":"","Width":"800px","Height":""}
QuickNSmart;ViewTrackDataGrid;DeleteOptions;;{"Type":"DialogOptions","ShowTitle":true,"ShowClose":true,"Left":"","Top":"","Bottom":"","Width":"800px","Height":""}
QuickNSmart;ViewTrack;TrackId;;{"Type":"DisplaySetting","ScaffoldItem":true,"IsModelItem":false,"Readonly":false,"FormatValue":"","Visible":true,"DisplayVisible":true,"EditVisible":true,"ListVisible":true,"ListSortable":true,"ListFilterable":true,"ListWidth":"100px","Order":10000}
QuickNSmart;ViewTrack;GenreId;;{"Type":"DisplaySetting","ScaffoldItem":true,"IsModelItem":false,"Readonly":false,"FormatValue":"","Visible":true,"DisplayVisible":true,"EditVisible":true,"ListVisible":true,"ListSortable":true,"ListFilterable":true,"ListWidth":"100px","Order":10000}
QuickNSmart;ViewTrack;TrackTitle;;{"Type":"DisplaySetting","ScaffoldItem":true,"IsModelItem":false,"Readonly":false,"FormatValue":"","Visible":true,"DisplayVisible":true,"EditVisible":true,"ListVisible":true,"ListSortable":true,"ListFilterable":true,"ListWidth":"100%","Order":10000}
QuickNSmart;ViewTrack;GenreName;;{"Type":"DisplaySetting","ScaffoldItem":true,"IsModelItem":false,"Readonly":false,"FormatValue":"","Visible":true,"DisplayVisible":true,"EditVisible":true,"ListVisible":true,"ListSortable":true,"ListFilterable":true,"ListWidth":"100%","Order":10000}
QuickNSmart;ViewTrack;Id;;{"Type":"DisplaySetting","ScaffoldItem":true,"IsModelItem":false,"Readonly":false,"FormatValue":"","Visible":false,"DisplayVisible":true,"EditVisible":true,"ListVisible":true,"ListSortable":true,"ListFilterable":true,"ListWidth":"100px","Order":10000}
QuickNSmart;Translation;PageSize;;50
QuickNSmart;TranslationDataGrid;Setting;;{"Type":"DataGridSetting","HasDataGridProgress":true,"HasEditDialogHeader":false,"HasEditDialogFooter":true,"HasDeleteDialogHeader":false,"HasDeleteDialogFooter":true}
QuickNSmart;TranslationDataGrid;EditOptions;;{"Type":"DialogOptions","ShowTitle":true,"ShowClose":true,"Left":"","Top":"","Bottom":"","Width":"800px","Height":""}
QuickNSmart;TranslationDataGrid;DeleteOptions;;{"Type":"DialogOptions","ShowTitle":true,"ShowClose":true,"Left":"","Top":"","Bottom":"","Width":"800px","Height":""}
QuickNSmart;Translation;AppName;;{"Type":"DisplaySetting","ScaffoldItem":true,"IsModelItem":false,"Readonly":false,"FormatValue":"","Visible":true,"DisplayVisible":true,"EditVisible":true,"ListVisible":true,"ListSortable":true,"ListFilterable":true,"ListWidth":"100%","Order":10000}
QuickNSmart;Translation;KeyLanguage;;{"Type":"DisplaySetting","ScaffoldItem":true,"IsModelItem":false,"Readonly":false,"FormatValue":"","Visible":true,"DisplayVisible":true,"EditVisible":true,"ListVisible":true,"ListSortable":true,"ListFilterable":true,"ListWidth":"100px","Order":10000}
QuickNSmart;Translation;Key;;{"Type":"DisplaySetting","ScaffoldItem":true,"IsModelItem":false,"Readonly":false,"FormatValue":"","Visible":true,"DisplayVisible":true,"EditVisible":true,"ListVisible":true,"ListSortable":true,"ListFilterable":true,"ListWidth":"100%","Order":10000}
QuickNSmart;Translation;ValueLanguage;;{"Type":"DisplaySetting","ScaffoldItem":true,"IsModelItem":false,"Readonly":false,"FormatValue":"","Visible":true,"DisplayVisible":true,"EditVisible":true,"ListVisible":true,"ListSortable":true,"ListFilterable":true,"ListWidth":"100px","Order":10000}
QuickNSmart;Translation;Value;;{"Type":"DisplaySetting","ScaffoldItem":true,"IsModelItem":false,"Readonly":false,"FormatValue":"","Visible":true,"DisplayVisible":true,"EditVisible":true,"ListVisible":true,"ListSortable":true,"ListFilterable":true,"ListWidth":"100%","Order":10000}
QuickNSmart;Translation;Id;;{"Type":"DisplaySetting","ScaffoldItem":true,"IsModelItem":false,"Readonly":false,"FormatValue":"","Visible":false,"DisplayVisible":true,"EditVisible":true,"ListVisible":true,"ListSortable":true,"ListFilterable":true,"ListWidth":"100px","Order":10000}
QuickNSmart;Translation;RowVersion;;{"Type":"DisplaySetting","ScaffoldItem":true,"IsModelItem":false,"Readonly":false,"FormatValue":"","Visible":false,"DisplayVisible":true,"EditVisible":true,"ListVisible":true,"ListSortable":true,"ListFilterable":true,"ListWidth":"100%","Order":10000}
QuickNSmart;BinaryData;PageSize;;50
QuickNSmart;BinaryDataDataGrid;Setting;;{"Type":"DataGridSetting","HasDataGridProgress":true,"HasEditDialogHeader":false,"HasEditDialogFooter":true,"HasDeleteDialogHeader":false,"HasDeleteDialogFooter":true}
QuickNSmart;BinaryDataDataGrid;EditOptions;;{"Type":"DialogOptions","ShowTitle":true,"ShowClose":true,"Left":"","Top":"","Bottom":"","Width":"800px","Height":""}
QuickNSmart;BinaryDataDataGrid;DeleteOptions;;{"Type":"DialogOptions","ShowTitle":true,"ShowClose":true,"Left":"","Top":"","Bottom":"","Width":"800px","Height":""}
QuickNSmart;BinaryData;Guid;;{"Type":"DisplaySetting","ScaffoldItem":true,"IsModelItem":false,"Readonly":false,"FormatValue":"","Visible":true,"DisplayVisible":true,"EditVisible":true,"ListVisible":true,"ListSortable":true,"ListFilterable":true,"ListWidth":"100%","Order":10000}
QuickNSmart;BinaryData;Data;;{"Type":"DisplaySetting","ScaffoldItem":true,"IsModelItem":false,"Readonly":false,"FormatValue":"","Visible":false,"DisplayVisible":true,"EditVisible":true,"ListVisible":true,"ListSortable":true,"ListFilterable":true,"ListWidth":"100%","Order":10000}
QuickNSmart;BinaryData;RowVersion;;{"Type":"DisplaySetting","ScaffoldItem":true,"IsModelItem":false,"Readonly":false,"FormatValue":"","Visible":false,"DisplayVisible":true,"EditVisible":true,"ListVisible":true,"ListSortable":true,"ListFilterable":true,"ListWidth":"100%","Order":10000}
QuickNSmart;BinaryData;Id;;{"Type":"DisplaySetting","ScaffoldItem":true,"IsModelItem":false,"Readonly":false,"FormatValue":"","Visible":false,"DisplayVisible":true,"EditVisible":true,"ListVisible":true,"ListSortable":true,"ListFilterable":true,"ListWidth":"100px","Order":10000}
QuickNSmart;Setting;PageSize;;50
QuickNSmart;SettingDataGrid;Setting;;{"Type":"DataGridSetting","HasDataGridProgress":true,"HasEditDialogHeader":false,"HasEditDialogFooter":true,"HasDeleteDialogHeader":false,"HasDeleteDialogFooter":true}
QuickNSmart;SettingDataGrid;EditOptions;;{"Type":"DialogOptions","ShowTitle":true,"ShowClose":true,"Left":"","Top":"","Bottom":"","Width":"800px","Height":""}
QuickNSmart;SettingDataGrid;DeleteOptions;;{"Type":"DialogOptions","ShowTitle":true,"ShowClose":true,"Left":"","Top":"","Bottom":"","Width":"800px","Height":""}
QuickNSmart;Setting;AppName;;{"Type":"DisplaySetting","ScaffoldItem":true,"IsModelItem":false,"Readonly":false,"FormatValue":"","Visible":true,"DisplayVisible":true,"EditVisible":true,"ListVisible":true,"ListSortable":true,"ListFilterable":true,"ListWidth":"100%","Order":10000}
QuickNSmart;Setting;Key;;{"Type":"DisplaySetting","ScaffoldItem":true,"IsModelItem":false,"Readonly":false,"FormatValue":"","Visible":true,"DisplayVisible":true,"EditVisible":true,"ListVisible":true,"ListSortable":true,"ListFilterable":true,"ListWidth":"100%","Order":10000}
QuickNSmart;Setting;Value;;{"Type":"DisplaySetting","ScaffoldItem":true,"IsModelItem":false,"Readonly":false,"FormatValue":"","Visible":true,"DisplayVisible":true,"EditVisible":true,"ListVisible":true,"ListSortable":true,"ListFilterable":true,"ListWidth":"100%","Order":10000}
QuickNSmart;Setting;Id;;{"Type":"DisplaySetting","ScaffoldItem":true,"IsModelItem":false,"Readonly":false,"FormatValue":"","Visible":false,"DisplayVisible":true,"EditVisible":true,"ListVisible":true,"ListSortable":true,"ListFilterable":true,"ListWidth":"100px","Order":10000}
QuickNSmart;Setting;RowVersion;;{"Type":"DisplaySetting","ScaffoldItem":true,"IsModelItem":false,"Readonly":false,"FormatValue":"","Visible":false,"DisplayVisible":true,"EditVisible":true,"ListVisible":true,"ListSortable":true,"ListFilterable":true,"ListWidth":"100%","Order":10000}
QuickNSmart;ActionLog;PageSize;;50
QuickNSmart;ActionLogDataGrid;Setting;;{"Type":"DataGridSetting","HasDataGridProgress":true,"HasEditDialogHeader":false,"HasEditDialogFooter":true,"HasDeleteDialogHeader":false,"HasDeleteDialogFooter":true}
QuickNSmart;ActionLogDataGrid;EditOptions;;{"Type":"DialogOptions","ShowTitle":true,"ShowClose":true,"Left":"","Top":"","Bottom":"","Width":"800px","Height":""}
QuickNSmart;ActionLogDataGrid;DeleteOptions;;{"Type":"DialogOptions","ShowTitle":true,"ShowClose":true,"Left":"","Top":"","Bottom":"","Width":"800px","Height":""}
QuickNSmart;ActionLog;IdentityId;;{"Type":"DisplaySetting","ScaffoldItem":true,"IsModelItem":false,"Readonly":false,"FormatValue":"","Visible":true,"DisplayVisible":true,"EditVisible":true,"ListVisible":true,"ListSortable":true,"ListFilterable":true,"ListWidth":"100px","Order":10000}
QuickNSmart;ActionLog;Time;;{"Type":"DisplaySetting","ScaffoldItem":true,"IsModelItem":false,"Readonly":false,"FormatValue":"","Visible":true,"DisplayVisible":true,"EditVisible":true,"ListVisible":true,"ListSortable":true,"ListFilterable":true,"ListWidth":"150px","Order":10000}
QuickNSmart;ActionLog;Subject;;{"Type":"DisplaySetting","ScaffoldItem":true,"IsModelItem":false,"Readonly":false,"FormatValue":"","Visible":true,"DisplayVisible":true,"EditVisible":true,"ListVisible":true,"ListSortable":true,"ListFilterable":true,"ListWidth":"100%","Order":10000}
QuickNSmart;ActionLog;Action;;{"Type":"DisplaySetting","ScaffoldItem":true,"IsModelItem":false,"Readonly":false,"FormatValue":"","Visible":true,"DisplayVisible":true,"EditVisible":true,"ListVisible":true,"ListSortable":true,"ListFilterable":true,"ListWidth":"100%","Order":10000}
QuickNSmart;ActionLog;Info;;{"Type":"DisplaySetting","ScaffoldItem":true,"IsModelItem":false,"Readonly":false,"FormatValue":"","Visible":true,"DisplayVisible":true,"EditVisible":true,"ListVisible":true,"ListSortable":true,"ListFilterable":true,"ListWidth":"100%","Order":10000}
QuickNSmart;ActionLog;RowVersion;;{"Type":"DisplaySetting","ScaffoldItem":true,"IsModelItem":false,"Readonly":false,"FormatValue":"","Visible":false,"DisplayVisible":true,"EditVisible":true,"ListVisible":true,"ListSortable":true,"ListFilterable":true,"ListWidth":"100%","Order":10000}
QuickNSmart;ActionLog;Id;;{"Type":"DisplaySetting","ScaffoldItem":true,"IsModelItem":false,"Readonly":false,"FormatValue":"","Visible":false,"DisplayVisible":true,"EditVisible":true,"ListVisible":true,"ListSortable":true,"ListFilterable":true,"ListWidth":"100px","Order":10000}
QuickNSmart;Identity;PageSize;;50
QuickNSmart;IdentityDataGrid;Setting;;{"Type":"DataGridSetting","HasDataGridProgress":true,"HasEditDialogHeader":false,"HasEditDialogFooter":true,"HasDeleteDialogHeader":false,"HasDeleteDialogFooter":true}
QuickNSmart;IdentityDataGrid;EditOptions;;{"Type":"DialogOptions","ShowTitle":true,"ShowClose":true,"Left":"","Top":"","Bottom":"","Width":"800px","Height":""}
QuickNSmart;IdentityDataGrid;DeleteOptions;;{"Type":"DialogOptions","ShowTitle":true,"ShowClose":true,"Left":"","Top":"","Bottom":"","Width":"800px","Height":""}
QuickNSmart;Identity;Guid;;{"Type":"DisplaySetting","ScaffoldItem":true,"IsModelItem":false,"Readonly":false,"FormatValue":"","Visible":true,"DisplayVisible":true,"EditVisible":true,"ListVisible":true,"ListSortable":true,"ListFilterable":true,"ListWidth":"100%","Order":10000}
QuickNSmart;Identity;Name;;{"Type":"DisplaySetting","ScaffoldItem":true,"IsModelItem":false,"Readonly":false,"FormatValue":"","Visible":true,"DisplayVisible":true,"EditVisible":true,"ListVisible":true,"ListSortable":true,"ListFilterable":true,"ListWidth":"100%","Order":10000}
QuickNSmart;Identity;Email;;{"Type":"DisplaySetting","ScaffoldItem":true,"IsModelItem":false,"Readonly":false,"FormatValue":"","Visible":true,"DisplayVisible":true,"EditVisible":true,"ListVisible":true,"ListSortable":true,"ListFilterable":true,"ListWidth":"100%","Order":10000}
QuickNSmart;Identity;Password;;{"Type":"DisplaySetting","ScaffoldItem":true,"IsModelItem":false,"Readonly":false,"FormatValue":"","Visible":true,"DisplayVisible":true,"EditVisible":true,"ListVisible":true,"ListSortable":true,"ListFilterable":true,"ListWidth":"100%","Order":10000}
QuickNSmart;Identity;TimeOutInMinutes;;{"Type":"DisplaySetting","ScaffoldItem":true,"IsModelItem":false,"Readonly":false,"FormatValue":"","Visible":true,"DisplayVisible":true,"EditVisible":true,"ListVisible":true,"ListSortable":true,"ListFilterable":true,"ListWidth":"100px","Order":10000}
QuickNSmart;Identity;EnableJwtAuth;;{"Type":"DisplaySetting","ScaffoldItem":true,"IsModelItem":false,"Readonly":false,"FormatValue":"","Visible":true,"DisplayVisible":true,"EditVisible":true,"ListVisible":true,"ListSortable":true,"ListFilterable":true,"ListWidth":"100%","Order":10000}
QuickNSmart;Identity;AccessFailedCount;;{"Type":"DisplaySetting","ScaffoldItem":true,"IsModelItem":false,"Readonly":false,"FormatValue":"","Visible":true,"DisplayVisible":true,"EditVisible":true,"ListVisible":true,"ListSortable":true,"ListFilterable":true,"ListWidth":"100px","Order":10000}
QuickNSmart;Identity;State;;{"Type":"DisplaySetting","ScaffoldItem":true,"IsModelItem":false,"Readonly":false,"FormatValue":"","Visible":true,"DisplayVisible":true,"EditVisible":true,"ListVisible":true,"ListSortable":true,"ListFilterable":true,"ListWidth":"100px","Order":10000}
QuickNSmart;Identity;RowVersion;;{"Type":"DisplaySetting","ScaffoldItem":true,"IsModelItem":false,"Readonly":false,"FormatValue":"","Visible":false,"DisplayVisible":true,"EditVisible":true,"ListVisible":true,"ListSortable":true,"ListFilterable":true,"ListWidth":"100%","Order":10000}
QuickNSmart;Identity;Id;;{"Type":"DisplaySetting","ScaffoldItem":true,"IsModelItem":false,"Readonly":false,"FormatValue":"","Visible":false,"DisplayVisible":true,"EditVisible":true,"ListVisible":true,"ListSortable":true,"ListFilterable":true,"ListWidth":"100px","Order":10000}
QuickNSmart;IdentityXRole;PageSize;;50
QuickNSmart;IdentityXRoleDataGrid;Setting;;{"Type":"DataGridSetting","HasDataGridProgress":true,"HasEditDialogHeader":false,"HasEditDialogFooter":true,"HasDeleteDialogHeader":false,"HasDeleteDialogFooter":true}
QuickNSmart;IdentityXRoleDataGrid;EditOptions;;{"Type":"DialogOptions","ShowTitle":true,"ShowClose":true,"Left":"","Top":"","Bottom":"","Width":"800px","Height":""}
QuickNSmart;IdentityXRoleDataGrid;DeleteOptions;;{"Type":"DialogOptions","ShowTitle":true,"ShowClose":true,"Left":"","Top":"","Bottom":"","Width":"800px","Height":""}
QuickNSmart;IdentityXRole;IdentityId;;{"Type":"DisplaySetting","ScaffoldItem":true,"IsModelItem":false,"Readonly":false,"FormatValue":"","Visible":true,"DisplayVisible":true,"EditVisible":true,"ListVisible":true,"ListSortable":true,"ListFilterable":true,"ListWidth":"100px","Order":10000}
QuickNSmart;IdentityXRole;RoleId;;{"Type":"DisplaySetting","ScaffoldItem":true,"IsModelItem":false,"Readonly":false,"FormatValue":"","Visible":true,"DisplayVisible":true,"EditVisible":true,"ListVisible":true,"ListSortable":true,"ListFilterable":true,"ListWidth":"100px","Order":10000}
QuickNSmart;IdentityXRole;RowVersion;;{"Type":"DisplaySetting","ScaffoldItem":true,"IsModelItem":false,"Readonly":false,"FormatValue":"","Visible":false,"DisplayVisible":true,"EditVisible":true,"ListVisible":true,"ListSortable":true,"ListFilterable":true,"ListWidth":"100%","Order":10000}
QuickNSmart;IdentityXRole;Id;;{"Type":"DisplaySetting","ScaffoldItem":true,"IsModelItem":false,"Readonly":false,"FormatValue":"","Visible":false,"DisplayVisible":true,"EditVisible":true,"ListVisible":true,"ListSortable":true,"ListFilterable":true,"ListWidth":"100px","Order":10000}
QuickNSmart;LoginSession;PageSize;;50
QuickNSmart;LoginSessionDataGrid;Setting;;{"Type":"DataGridSetting","HasDataGridProgress":true,"HasEditDialogHeader":false,"HasEditDialogFooter":true,"HasDeleteDialogHeader":false,"HasDeleteDialogFooter":true}
QuickNSmart;LoginSessionDataGrid;EditOptions;;{"Type":"DialogOptions","ShowTitle":true,"ShowClose":true,"Left":"","Top":"","Bottom":"","Width":"800px","Height":""}
QuickNSmart;LoginSessionDataGrid;DeleteOptions;;{"Type":"DialogOptions","ShowTitle":true,"ShowClose":true,"Left":"","Top":"","Bottom":"","Width":"800px","Height":""}
QuickNSmart;LoginSession;IdentityId;;{"Type":"DisplaySetting","ScaffoldItem":true,"IsModelItem":false,"Readonly":false,"FormatValue":"","Visible":true,"DisplayVisible":true,"EditVisible":true,"ListVisible":true,"ListSortable":true,"ListFilterable":true,"ListWidth":"100px","Order":10000}
QuickNSmart;LoginSession;IsRemoteAuth;;{"Type":"DisplaySetting","ScaffoldItem":true,"IsModelItem":false,"Readonly":false,"FormatValue":"","Visible":true,"DisplayVisible":true,"EditVisible":true,"ListVisible":true,"ListSortable":true,"ListFilterable":true,"ListWidth":"100%","Order":10000}
QuickNSmart;LoginSession;Origin;;{"Type":"DisplaySetting","ScaffoldItem":true,"IsModelItem":false,"Readonly":false,"FormatValue":"","Visible":true,"DisplayVisible":true,"EditVisible":true,"ListVisible":true,"ListSortable":true,"ListFilterable":true,"ListWidth":"100%","Order":10000}
QuickNSmart;LoginSession;Name;;{"Type":"DisplaySetting","ScaffoldItem":true,"IsModelItem":false,"Readonly":false,"FormatValue":"","Visible":true,"DisplayVisible":true,"EditVisible":true,"ListVisible":true,"ListSortable":true,"ListFilterable":true,"ListWidth":"100%","Order":10000}
QuickNSmart;LoginSession;Email;;{"Type":"DisplaySetting","ScaffoldItem":true,"IsModelItem":false,"Readonly":false,"FormatValue":"","Visible":true,"DisplayVisible":true,"EditVisible":true,"ListVisible":true,"ListSortable":true,"ListFilterable":true,"ListWidth":"100%","Order":10000}
QuickNSmart;LoginSession;TimeOutInMinutes;;{"Type":"DisplaySetting","ScaffoldItem":true,"IsModelItem":false,"Readonly":false,"FormatValue":"","Visible":true,"DisplayVisible":true,"EditVisible":true,"ListVisible":true,"ListSortable":true,"ListFilterable":true,"ListWidth":"100px","Order":10000}
QuickNSmart;LoginSession;JsonWebToken;;{"Type":"DisplaySetting","ScaffoldItem":true,"IsModelItem":false,"Readonly":false,"FormatValue":"","Visible":true,"DisplayVisible":true,"EditVisible":true,"ListVisible":true,"ListSortable":true,"ListFilterable":true,"ListWidth":"100%","Order":10000}
QuickNSmart;LoginSession;SessionToken;;{"Type":"DisplaySetting","ScaffoldItem":true,"IsModelItem":false,"Readonly":false,"FormatValue":"","Visible":true,"DisplayVisible":true,"EditVisible":true,"ListVisible":true,"ListSortable":true,"ListFilterable":true,"ListWidth":"100%","Order":10000}
QuickNSmart;LoginSession;LoginTime;;{"Type":"DisplaySetting","ScaffoldItem":true,"IsModelItem":false,"Readonly":false,"FormatValue":"","Visible":true,"DisplayVisible":true,"EditVisible":true,"ListVisible":true,"ListSortable":true,"ListFilterable":true,"ListWidth":"150px","Order":10000}
QuickNSmart;LoginSession;LastAccess;;{"Type":"DisplaySetting","ScaffoldItem":true,"IsModelItem":false,"Readonly":false,"FormatValue":"","Visible":true,"DisplayVisible":true,"EditVisible":true,"ListVisible":true,"ListSortable":true,"ListFilterable":true,"ListWidth":"150px","Order":10000}
QuickNSmart;LoginSession;LogoutTime;;{"Type":"DisplaySetting","ScaffoldItem":true,"IsModelItem":false,"Readonly":false,"FormatValue":"","Visible":true,"DisplayVisible":true,"EditVisible":true,"ListVisible":true,"ListSortable":true,"ListFilterable":true,"ListWidth":"150px","Order":10000}
QuickNSmart;LoginSession;OptionalInfo;;{"Type":"DisplaySetting","ScaffoldItem":true,"IsModelItem":false,"Readonly":false,"FormatValue":"","Visible":true,"DisplayVisible":true,"EditVisible":true,"ListVisible":true,"ListSortable":true,"ListFilterable":true,"ListWidth":"100%","Order":10000}
QuickNSmart;LoginSession;RowVersion;;{"Type":"DisplaySetting","ScaffoldItem":true,"IsModelItem":false,"Readonly":false,"FormatValue":"","Visible":false,"DisplayVisible":true,"EditVisible":true,"ListVisible":true,"ListSortable":true,"ListFilterable":true,"ListWidth":"100%","Order":10000}
QuickNSmart;LoginSession;Id;;{"Type":"DisplaySetting","ScaffoldItem":true,"IsModelItem":false,"Readonly":false,"FormatValue":"","Visible":false,"DisplayVisible":true,"EditVisible":true,"ListVisible":true,"ListSortable":true,"ListFilterable":true,"ListWidth":"100px","Order":10000}
QuickNSmart;Role;PageSize;;50
QuickNSmart;RoleDataGrid;Setting;;{"Type":"DataGridSetting","HasDataGridProgress":true,"HasEditDialogHeader":false,"HasEditDialogFooter":true,"HasDeleteDialogHeader":false,"HasDeleteDialogFooter":true}
QuickNSmart;RoleDataGrid;EditOptions;;{"Type":"DialogOptions","ShowTitle":true,"ShowClose":true,"Left":"","Top":"","Bottom":"","Width":"800px","Height":""}
QuickNSmart;RoleDataGrid;DeleteOptions;;{"Type":"DialogOptions","ShowTitle":true,"ShowClose":true,"Left":"","Top":"","Bottom":"","Width":"800px","Height":""}
QuickNSmart;Role;Designation;;{"Type":"DisplaySetting","ScaffoldItem":true,"IsModelItem":false,"Readonly":false,"FormatValue":"","Visible":true,"DisplayVisible":true,"EditVisible":true,"ListVisible":true,"ListSortable":true,"ListFilterable":true,"ListWidth":"100%","Order":10000}
QuickNSmart;Role;Description;;{"Type":"DisplaySetting","ScaffoldItem":true,"IsModelItem":false,"Readonly":false,"FormatValue":"","Visible":true,"DisplayVisible":true,"EditVisible":true,"ListVisible":true,"ListSortable":true,"ListFilterable":true,"ListWidth":"100%","Order":10000}
QuickNSmart;Role;RowVersion;;{"Type":"DisplaySetting","ScaffoldItem":true,"IsModelItem":false,"Readonly":false,"FormatValue":"","Visible":false,"DisplayVisible":true,"EditVisible":true,"ListVisible":true,"ListSortable":true,"ListFilterable":true,"ListWidth":"100%","Order":10000}
QuickNSmart;Role;Id;;{"Type":"DisplaySetting","ScaffoldItem":true,"IsModelItem":false,"Readonly":false,"FormatValue":"","Visible":false,"DisplayVisible":true,"EditVisible":true,"ListVisible":true,"ListSortable":true,"ListFilterable":true,"ListWidth":"100px","Order":10000}
QuickNSmart;User;PageSize;;50
QuickNSmart;UserDataGrid;Setting;;{"Type":"DataGridSetting","HasDataGridProgress":true,"HasEditDialogHeader":false,"HasEditDialogFooter":true,"HasDeleteDialogHeader":false,"HasDeleteDialogFooter":true}
QuickNSmart;UserDataGrid;EditOptions;;{"Type":"DialogOptions","ShowTitle":true,"ShowClose":true,"Left":"","Top":"","Bottom":"","Width":"800px","Height":""}
QuickNSmart;UserDataGrid;DeleteOptions;;{"Type":"DialogOptions","ShowTitle":true,"ShowClose":true,"Left":"","Top":"","Bottom":"","Width":"800px","Height":""}
QuickNSmart;User;IdentityId;;{"Type":"DisplaySetting","ScaffoldItem":true,"IsModelItem":false,"Readonly":false,"FormatValue":"","Visible":true,"DisplayVisible":true,"EditVisible":true,"ListVisible":true,"ListSortable":true,"ListFilterable":true,"ListWidth":"100px","Order":10000}
QuickNSmart;User;Firstname;;{"Type":"DisplaySetting","ScaffoldItem":true,"IsModelItem":false,"Readonly":false,"FormatValue":"","Visible":true,"DisplayVisible":true,"EditVisible":true,"ListVisible":true,"ListSortable":true,"ListFilterable":true,"ListWidth":"100%","Order":10000}
QuickNSmart;User;Lastname;;{"Type":"DisplaySetting","ScaffoldItem":true,"IsModelItem":false,"Readonly":false,"FormatValue":"","Visible":true,"DisplayVisible":true,"EditVisible":true,"ListVisible":true,"ListSortable":true,"ListFilterable":true,"ListWidth":"100%","Order":10000}
QuickNSmart;User;RowVersion;;{"Type":"DisplaySetting","ScaffoldItem":true,"IsModelItem":false,"Readonly":false,"FormatValue":"","Visible":false,"DisplayVisible":true,"EditVisible":true,"ListVisible":true,"ListSortable":true,"ListFilterable":true,"ListWidth":"100%","Order":10000}
QuickNSmart;User;Id;;{"Type":"DisplaySetting","ScaffoldItem":true,"IsModelItem":false,"Readonly":false,"FormatValue":"","Visible":false,"DisplayVisible":true,"EditVisible":true,"ListVisible":true,"ListSortable":true,"ListFilterable":true,"ListWidth":"100px","Order":10000}
QuickNSmart;AlbumTracks;PageSize;;50
QuickNSmart;AlbumTracksDataGrid;Setting;;{"Type":"DataGridSetting","HasDataGridProgress":true,"HasEditDialogHeader":false,"HasEditDialogFooter":true,"HasDeleteDialogHeader":false,"HasDeleteDialogFooter":true}
QuickNSmart;AlbumTracksDataGrid;EditOptions;;{"Type":"DialogOptions","ShowTitle":true,"ShowClose":true,"Left":"","Top":"","Bottom":"","Width":"800px","Height":""}
QuickNSmart;AlbumTracksDataGrid;DeleteOptions;;{"Type":"DialogOptions","ShowTitle":true,"ShowClose":true,"Left":"","Top":"","Bottom":"","Width":"800px","Height":""}
QuickNSmart;AlbumTracks;Album;;{"Type":"DisplaySetting","ScaffoldItem":true,"IsModelItem":false,"Readonly":false,"FormatValue":"","Visible":true,"DisplayVisible":true,"EditVisible":true,"ListVisible":true,"ListSortable":true,"ListFilterable":true,"ListWidth":"100%","Order":10000}
QuickNSmart;AlbumTracks;Tracks;;{"Type":"DisplaySetting","ScaffoldItem":true,"IsModelItem":false,"Readonly":false,"FormatValue":"","Visible":true,"DisplayVisible":true,"EditVisible":true,"ListVisible":true,"ListSortable":true,"ListFilterable":true,"ListWidth":"100%","Order":10000}
QuickNSmart;AlbumTracks;OneItem;;{"Type":"DisplaySetting","ScaffoldItem":true,"IsModelItem":false,"Readonly":false,"FormatValue":"","Visible":true,"DisplayVisible":true,"EditVisible":true,"ListVisible":true,"ListSortable":true,"ListFilterable":true,"ListWidth":"100%","Order":10000}
QuickNSmart;AlbumTracks;ManyItems;;{"Type":"DisplaySetting","ScaffoldItem":true,"IsModelItem":false,"Readonly":false,"FormatValue":"","Visible":true,"DisplayVisible":true,"EditVisible":true,"ListVisible":true,"ListSortable":true,"ListFilterable":true,"ListWidth":"100%","Order":10000}
QuickNSmart;AlbumTracks;Id;;{"Type":"DisplaySetting","ScaffoldItem":true,"IsModelItem":false,"Readonly":false,"FormatValue":"","Visible":false,"DisplayVisible":true,"EditVisible":true,"ListVisible":true,"ListSortable":true,"ListFilterable":true,"ListWidth":"100px","Order":10000}
QuickNSmart;ArtistAlbums;PageSize;;50
QuickNSmart;ArtistAlbumsDataGrid;Setting;;{"Type":"DataGridSetting","HasDataGridProgress":true,"HasEditDialogHeader":false,"HasEditDialogFooter":true,"HasDeleteDialogHeader":false,"HasDeleteDialogFooter":true}
QuickNSmart;ArtistAlbumsDataGrid;EditOptions;;{"Type":"DialogOptions","ShowTitle":true,"ShowClose":true,"Left":"","Top":"","Bottom":"","Width":"800px","Height":""}
QuickNSmart;ArtistAlbumsDataGrid;DeleteOptions;;{"Type":"DialogOptions","ShowTitle":true,"ShowClose":true,"Left":"","Top":"","Bottom":"","Width":"800px","Height":""}
QuickNSmart;ArtistAlbums;Artist;;{"Type":"DisplaySetting","ScaffoldItem":true,"IsModelItem":false,"Readonly":false,"FormatValue":"","Visible":true,"DisplayVisible":true,"EditVisible":true,"ListVisible":true,"ListSortable":true,"ListFilterable":true,"ListWidth":"100%","Order":10000}
QuickNSmart;ArtistAlbums;Albums;;{"Type":"DisplaySetting","ScaffoldItem":true,"IsModelItem":false,"Readonly":false,"FormatValue":"","Visible":true,"DisplayVisible":true,"EditVisible":true,"ListVisible":true,"ListSortable":true,"ListFilterable":true,"ListWidth":"100%","Order":10000}
QuickNSmart;ArtistAlbums;OneItem;;{"Type":"DisplaySetting","ScaffoldItem":true,"IsModelItem":false,"Readonly":false,"FormatValue":"","Visible":true,"DisplayVisible":true,"EditVisible":true,"ListVisible":true,"ListSortable":true,"ListFilterable":true,"ListWidth":"100%","Order":10000}
QuickNSmart;ArtistAlbums;ManyItems;;{"Type":"DisplaySetting","ScaffoldItem":true,"IsModelItem":false,"Readonly":false,"FormatValue":"","Visible":true,"DisplayVisible":true,"EditVisible":true,"ListVisible":true,"ListSortable":true,"ListFilterable":true,"ListWidth":"100%","Order":10000}
QuickNSmart;ArtistAlbums;Id;;{"Type":"DisplaySetting","ScaffoldItem":true,"IsModelItem":false,"Readonly":false,"FormatValue":"","Visible":false,"DisplayVisible":true,"EditVisible":true,"ListVisible":true,"ListSortable":true,"ListFilterable":true,"ListWidth":"100px","Order":10000}
QuickNSmart;AppAccess;PageSize;;50
QuickNSmart;AppAccessDataGrid;Setting;;{"Type":"DataGridSetting","HasDataGridProgress":true,"HasEditDialogHeader":false,"HasEditDialogFooter":true,"HasDeleteDialogHeader":false,"HasDeleteDialogFooter":true}
QuickNSmart;AppAccessDataGrid;EditOptions;;{"Type":"DialogOptions","ShowTitle":true,"ShowClose":true,"Left":"","Top":"","Bottom":"","Width":"800px","Height":""}
QuickNSmart;AppAccessDataGrid;DeleteOptions;;{"Type":"DialogOptions","ShowTitle":true,"ShowClose":true,"Left":"","Top":"","Bottom":"","Width":"800px","Height":""}
QuickNSmart;AppAccess;OneItem;;{"Type":"DisplaySetting","ScaffoldItem":true,"IsModelItem":false,"Readonly":false,"FormatValue":"","Visible":true,"DisplayVisible":true,"EditVisible":true,"ListVisible":true,"ListSortable":true,"ListFilterable":true,"ListWidth":"100%","Order":10000}
QuickNSmart;AppAccess;ManyItems;;{"Type":"DisplaySetting","ScaffoldItem":true,"IsModelItem":false,"Readonly":false,"FormatValue":"","Visible":true,"DisplayVisible":true,"EditVisible":true,"ListVisible":true,"ListSortable":true,"ListFilterable":true,"ListWidth":"100%","Order":10000}
QuickNSmart;AppAccess;Id;;{"Type":"DisplaySetting","ScaffoldItem":true,"IsModelItem":false,"Readonly":false,"FormatValue":"","Visible":false,"DisplayVisible":true,"EditVisible":true,"ListVisible":true,"ListSortable":true,"ListFilterable":true,"ListWidth":"100px","Order":10000}
QuickNSmart;IdentityUser;PageSize;;50
QuickNSmart;IdentityUserDataGrid;Setting;;{"Type":"DataGridSetting","HasDataGridProgress":true,"HasEditDialogHeader":false,"HasEditDialogFooter":true,"HasDeleteDialogHeader":false,"HasDeleteDialogFooter":true}
QuickNSmart;IdentityUserDataGrid;EditOptions;;{"Type":"DialogOptions","ShowTitle":true,"ShowClose":true,"Left":"","Top":"","Bottom":"","Width":"800px","Height":""}
QuickNSmart;IdentityUserDataGrid;DeleteOptions;;{"Type":"DialogOptions","ShowTitle":true,"ShowClose":true,"Left":"","Top":"","Bottom":"","Width":"800px","Height":""}
QuickNSmart;IdentityUser;OneItem;;{"Type":"DisplaySetting","ScaffoldItem":true,"IsModelItem":false,"Readonly":false,"FormatValue":"","Visible":true,"DisplayVisible":true,"EditVisible":true,"ListVisible":true,"ListSortable":true,"ListFilterable":true,"ListWidth":"100%","Order":10000}
QuickNSmart;IdentityUser;AnotherItem;;{"Type":"DisplaySetting","ScaffoldItem":true,"IsModelItem":false,"Readonly":false,"FormatValue":"","Visible":true,"DisplayVisible":true,"EditVisible":true,"ListVisible":true,"ListSortable":true,"ListFilterable":true,"ListWidth":"100%","Order":10000}
QuickNSmart;IdentityUser;Id;;{"Type":"DisplaySetting","ScaffoldItem":true,"IsModelItem":false,"Readonly":false,"FormatValue":"","Visible":false,"DisplayVisible":true,"EditVisible":true,"ListVisible":true,"ListSortable":true,"ListFilterable":true,"ListWidth":"100px","Order":10000}
QuickNSmart;Login;Email;;{"Type":"DisplaySetting","ScaffoldItem":true,"IsModelItem":false,"Readonly":false,"FormatValue":"","Visible":true,"DisplayVisible":true,"EditVisible":true,"ListVisible":true,"ListSortable":true,"ListFilterable":true,"ListWidth":"100%","Order":10000}
QuickNSmart;Login;LoginTime;;{"Type":"DisplaySetting","ScaffoldItem":true,"IsModelItem":false,"Readonly":false,"FormatValue":"","Visible":true,"DisplayVisible":true,"EditVisible":true,"ListVisible":true,"ListSortable":true,"ListFilterable":true,"ListWidth":"150px","Order":10000}
QuickNSmart;Login;LogoutTime;;{"Type":"DisplaySetting","ScaffoldItem":true,"IsModelItem":false,"Readonly":false,"FormatValue":"","Visible":true,"DisplayVisible":true,"EditVisible":true,"ListVisible":true,"ListSortable":true,"ListFilterable":true,"ListWidth":"150px","Order":10000}
QuickNSmart;LoginUser;PageSize;;50
QuickNSmart;LoginUserDataGrid;Setting;;{"Type":"DataGridSetting","HasDataGridProgress":true,"HasEditDialogHeader":false,"HasEditDialogFooter":true,"HasDeleteDialogHeader":false,"HasDeleteDialogFooter":true}
QuickNSmart;LoginUserDataGrid;EditOptions;;{"Type":"DialogOptions","ShowTitle":true,"ShowClose":true,"Left":"","Top":"","Bottom":"","Width":"800px","Height":""}
QuickNSmart;LoginUserDataGrid;DeleteOptions;;{"Type":"DialogOptions","ShowTitle":true,"ShowClose":true,"Left":"","Top":"","Bottom":"","Width":"800px","Height":""}
QuickNSmart;LoginUser;Name;;{"Type":"DisplaySetting","ScaffoldItem":true,"IsModelItem":false,"Readonly":false,"FormatValue":"","Visible":true,"DisplayVisible":true,"EditVisible":true,"ListVisible":true,"ListSortable":true,"ListFilterable":true,"ListWidth":"100%","Order":10000}
QuickNSmart;LoginUser;State;;{"Type":"DisplaySetting","ScaffoldItem":true,"IsModelItem":false,"Readonly":false,"FormatValue":"","Visible":true,"DisplayVisible":true,"EditVisible":true,"ListVisible":true,"ListSortable":true,"ListFilterable":true,"ListWidth":"100px","Order":10000}
QuickNSmart;LoginUser;Email;;{"Type":"DisplaySetting","ScaffoldItem":true,"IsModelItem":false,"Readonly":false,"FormatValue":"","Visible":true,"DisplayVisible":true,"EditVisible":true,"ListVisible":true,"ListSortable":true,"ListFilterable":true,"ListWidth":"100%","Order":10000}
QuickNSmart;LoginUser;LoginTime;;{"Type":"DisplaySetting","ScaffoldItem":true,"IsModelItem":false,"Readonly":false,"FormatValue":"","Visible":true,"DisplayVisible":true,"EditVisible":true,"ListVisible":true,"ListSortable":true,"ListFilterable":true,"ListWidth":"150px","Order":10000}
QuickNSmart;LoginUser;LogoutTime;;{"Type":"DisplaySetting","ScaffoldItem":true,"IsModelItem":false,"Readonly":false,"FormatValue":"","Visible":true,"DisplayVisible":true,"EditVisible":true,"ListVisible":true,"ListSortable":true,"ListFilterable":true,"ListWidth":"150px","Order":10000}
QuickNSmart;AlbumBase;PageSize;;50
QuickNSmart;AlbumBaseDataGrid;Setting;;{"Type":"DataGridSetting","HasDataGridProgress":true,"HasEditDialogHeader":false,"HasEditDialogFooter":true,"HasDeleteDialogHeader":false,"HasDeleteDialogFooter":true}
QuickNSmart;AlbumBaseDataGrid;EditOptions;;{"Type":"DialogOptions","ShowTitle":true,"ShowClose":true,"Left":"","Top":"","Bottom":"","Width":"800px","Height":""}
QuickNSmart;AlbumBaseDataGrid;DeleteOptions;;{"Type":"DialogOptions","ShowTitle":true,"ShowClose":true,"Left":"","Top":"","Bottom":"","Width":"800px","Height":""}
QuickNSmart;AlbumBase;Title;;{"Type":"DisplaySetting","ScaffoldItem":true,"IsModelItem":false,"Readonly":false,"FormatValue":"","Visible":true,"DisplayVisible":true,"EditVisible":true,"ListVisible":true,"ListSortable":true,"ListFilterable":true,"ListWidth":"100%","Order":10000}
QuickNSmart;LoginBase;PageSize;;50
QuickNSmart;LoginBaseDataGrid;Setting;;{"Type":"DataGridSetting","HasDataGridProgress":true,"HasEditDialogHeader":false,"HasEditDialogFooter":true,"HasDeleteDialogHeader":false,"HasDeleteDialogFooter":true}
QuickNSmart;LoginBaseDataGrid;EditOptions;;{"Type":"DialogOptions","ShowTitle":true,"ShowClose":true,"Left":"","Top":"","Bottom":"","Width":"800px","Height":""}
QuickNSmart;LoginBaseDataGrid;DeleteOptions;;{"Type":"DialogOptions","ShowTitle":true,"ShowClose":true,"Left":"","Top":"","Bottom":"","Width":"800px","Height":""}
QuickNSmart;LoginBase;Email;;{"Type":"DisplaySetting","ScaffoldItem":true,"IsModelItem":false,"Readonly":false,"FormatValue":"","Visible":true,"DisplayVisible":true,"EditVisible":true,"ListVisible":true,"ListSortable":true,"ListFilterable":true,"ListWidth":"100%","Order":10000}
QuickNSmart;LoginBase;LoginTime;;{"Type":"DisplaySetting","ScaffoldItem":true,"IsModelItem":false,"Readonly":false,"FormatValue":"","Visible":true,"DisplayVisible":true,"EditVisible":true,"ListVisible":true,"ListSortable":true,"ListFilterable":true,"ListWidth":"150px","Order":10000}
QuickNSmart;LoginBase;LogoutTime;;{"Type":"DisplaySetting","ScaffoldItem":true,"IsModelItem":false,"Readonly":false,"FormatValue":"","Visible":true,"DisplayVisible":true,"EditVisible":true,"ListVisible":true,"ListSortable":true,"ListFilterable":true,"ListWidth":"150px","Order":10000}
QuickNSmart;MusicStoreBase;PageSize;;50
QuickNSmart;MusicStoreBaseDataGrid;Setting;;{"Type":"DataGridSetting","HasDataGridProgress":true,"HasEditDialogHeader":false,"HasEditDialogFooter":true,"HasDeleteDialogHeader":false,"HasDeleteDialogFooter":true}
QuickNSmart;MusicStoreBaseDataGrid;EditOptions;;{"Type":"DialogOptions","ShowTitle":true,"ShowClose":true,"Left":"","Top":"","Bottom":"","Width":"800px","Height":""}
QuickNSmart;MusicStoreBaseDataGrid;DeleteOptions;;{"Type":"DialogOptions","ShowTitle":true,"ShowClose":true,"Left":"","Top":"","Bottom":"","Width":"800px","Height":""}
QuickNSmart;MusicStoreBase;State;;{"Type":"DisplaySetting","ScaffoldItem":true,"IsModelItem":false,"Readonly":false,"FormatValue":"","Visible":true,"DisplayVisible":true,"EditVisible":true,"ListVisible":true,"ListSortable":true,"ListFilterable":true,"ListWidth":"100px","Order":10000}
QuickNSmart;Nameable;PageSize;;50
QuickNSmart;NameableDataGrid;Setting;;{"Type":"DataGridSetting","HasDataGridProgress":true,"HasEditDialogHeader":false,"HasEditDialogFooter":true,"HasDeleteDialogHeader":false,"HasDeleteDialogFooter":true}
QuickNSmart;NameableDataGrid;EditOptions;;{"Type":"DialogOptions","ShowTitle":true,"ShowClose":true,"Left":"","Top":"","Bottom":"","Width":"800px","Height":""}
QuickNSmart;NameableDataGrid;DeleteOptions;;{"Type":"DialogOptions","ShowTitle":true,"ShowClose":true,"Left":"","Top":"","Bottom":"","Width":"800px","Height":""}
QuickNSmart;Nameable;Name;;{"Type":"DisplaySetting","ScaffoldItem":true,"IsModelItem":false,"Readonly":false,"FormatValue":"","Visible":true,"DisplayVisible":true,"EditVisible":true,"ListVisible":true,"ListSortable":true,"ListFilterable":true,"ListWidth":"100%","Order":10000}
QuickNSmart;JsonWebLogon;PageSize;;50
QuickNSmart;JsonWebLogonDataGrid;Setting;;{"Type":"DataGridSetting","HasDataGridProgress":true,"HasEditDialogHeader":false,"HasEditDialogFooter":true,"HasDeleteDialogHeader":false,"HasDeleteDialogFooter":true}
QuickNSmart;JsonWebLogonDataGrid;EditOptions;;{"Type":"DialogOptions","ShowTitle":true,"ShowClose":true,"Left":"","Top":"","Bottom":"","Width":"800px","Height":""}
QuickNSmart;JsonWebLogonDataGrid;DeleteOptions;;{"Type":"DialogOptions","ShowTitle":true,"ShowClose":true,"Left":"","Top":"","Bottom":"","Width":"800px","Height":""}
QuickNSmart;JsonWebLogon;Token;;{"Type":"DisplaySetting","ScaffoldItem":true,"IsModelItem":false,"Readonly":false,"FormatValue":"","Visible":true,"DisplayVisible":true,"EditVisible":true,"ListVisible":true,"ListSortable":true,"ListFilterable":true,"ListWidth":"100%","Order":10000}
QuickNSmart;Logon;PageSize;;50
QuickNSmart;LogonDataGrid;Setting;;{"Type":"DataGridSetting","HasDataGridProgress":true,"HasEditDialogHeader":false,"HasEditDialogFooter":true,"HasDeleteDialogHeader":false,"HasDeleteDialogFooter":true}
QuickNSmart;LogonDataGrid;EditOptions;;{"Type":"DialogOptions","ShowTitle":true,"ShowClose":true,"Left":"","Top":"","Bottom":"","Width":"800px","Height":""}
QuickNSmart;LogonDataGrid;DeleteOptions;;{"Type":"DialogOptions","ShowTitle":true,"ShowClose":true,"Left":"","Top":"","Bottom":"","Width":"800px","Height":""}
QuickNSmart;Logon;Email;;{"Type":"DisplaySetting","ScaffoldItem":true,"IsModelItem":false,"Readonly":false,"FormatValue":"","Visible":true,"DisplayVisible":true,"EditVisible":true,"ListVisible":true,"ListSortable":true,"ListFilterable":true,"ListWidth":"100%","Order":10000}
QuickNSmart;Logon;Password;;{"Type":"DisplaySetting","ScaffoldItem":true,"IsModelItem":false,"Readonly":false,"FormatValue":"","Visible":true,"DisplayVisible":true,"EditVisible":true,"ListVisible":true,"ListSortable":true,"ListFilterable":true,"ListWidth":"100%","Order":10000}
QuickNSmart;Logon;OptionalInfo;;{"Type":"DisplaySetting","ScaffoldItem":true,"IsModelItem":false,"Readonly":false,"FormatValue":"","Visible":true,"DisplayVisible":true,"EditVisible":true,"ListVisible":true,"ListSortable":true,"ListFilterable":true,"ListWidth":"100%","Order":10000}
QuickNSmart;AlbumArtist;PageSize;;50
QuickNSmart;AlbumArtistDataGrid;Setting;;{"Type":"DataGridSetting","HasDataGridProgress":true,"HasEditDialogHeader":false,"HasEditDialogFooter":true,"HasDeleteDialogHeader":false,"HasDeleteDialogFooter":true}
QuickNSmart;AlbumArtistDataGrid;EditOptions;;{"Type":"DialogOptions","ShowTitle":true,"ShowClose":true,"Left":"","Top":"","Bottom":"","Width":"800px","Height":""}
QuickNSmart;AlbumArtistDataGrid;DeleteOptions;;{"Type":"DialogOptions","ShowTitle":true,"ShowClose":true,"Left":"","Top":"","Bottom":"","Width":"800px","Height":""}
QuickNSmart;AlbumArtist;ArtistId;;{"Type":"DisplaySetting","ScaffoldItem":true,"IsModelItem":false,"Readonly":false,"FormatValue":"","Visible":true,"DisplayVisible":true,"EditVisible":true,"ListVisible":true,"ListSortable":true,"ListFilterable":true,"ListWidth":"100px","Order":10000}
QuickNSmart;AlbumArtist;ArtistName;;{"Type":"DisplaySetting","ScaffoldItem":true,"IsModelItem":false,"Readonly":false,"FormatValue":"","Visible":true,"DisplayVisible":true,"EditVisible":true,"ListVisible":true,"ListSortable":true,"ListFilterable":true,"ListWidth":"100%","Order":10000}
QuickNSmart;AlbumArtist;Title;;{"Type":"DisplaySetting","ScaffoldItem":true,"IsModelItem":false,"Readonly":false,"FormatValue":"","Visible":true,"DisplayVisible":true,"EditVisible":true,"ListVisible":true,"ListSortable":true,"ListFilterable":true,"ListWidth":"100%","Order":10000}
QuickNSmart;AlbumArtist;Id;;{"Type":"DisplaySetting","ScaffoldItem":true,"IsModelItem":false,"Readonly":false,"FormatValue":"","Visible":false,"DisplayVisible":true,"EditVisible":true,"ListVisible":true,"ListSortable":true,"ListFilterable":true,"ListWidth":"100px","Order":10000}
QuickNSmart;Order;PageSize;;50
QuickNSmart;OrderDataGrid;Setting;;{"Type":"DataGridSetting","HasDataGridProgress":true,"HasEditDialogHeader":false,"HasEditDialogFooter":true,"HasDeleteDialogHeader":false,"HasDeleteDialogFooter":true}
QuickNSmart;OrderDataGrid;EditOptions;;{"Type":"DialogOptions","ShowTitle":true,"ShowClose":true,"Left":"","Top":"","Bottom":"","Width":"800px","Height":""}
QuickNSmart;OrderDataGrid;DeleteOptions;;{"Type":"DialogOptions","ShowTitle":true,"ShowClose":true,"Left":"","Top":"","Bottom":"","Width":"800px","Height":""}
QuickNSmart;Order;CreatedOn;;{"Type":"DisplaySetting","ScaffoldItem":true,"IsModelItem":false,"Readonly":false,"FormatValue":"","Visible":true,"DisplayVisible":true,"EditVisible":true,"ListVisible":true,"ListSortable":true,"ListFilterable":true,"ListWidth":"150px","Order":10000}
QuickNSmart;Order;Count;;{"Type":"DisplaySetting","ScaffoldItem":true,"IsModelItem":false,"Readonly":false,"FormatValue":"","Visible":true,"DisplayVisible":true,"EditVisible":true,"ListVisible":true,"ListSortable":true,"ListFilterable":true,"ListWidth":"100px","Order":10000}
QuickNSmart;Order;PiecePrice;;{"Type":"DisplaySetting","ScaffoldItem":true,"IsModelItem":false,"Readonly":false,"FormatValue":"","Visible":true,"DisplayVisible":true,"EditVisible":true,"ListVisible":true,"ListSortable":true,"ListFilterable":true,"ListWidth":"100px","Order":10000}
QuickNSmart;Order;Percentage;;{"Type":"DisplaySetting","ScaffoldItem":true,"IsModelItem":false,"Readonly":false,"FormatValue":"","Visible":true,"DisplayVisible":true,"EditVisible":true,"ListVisible":true,"ListSortable":true,"ListFilterable":true,"ListWidth":"100px","Order":10000}
QuickNSmart;Order;PriceNet;;{"Type":"DisplaySetting","ScaffoldItem":true,"IsModelItem":false,"Readonly":false,"FormatValue":"","Visible":true,"DisplayVisible":true,"EditVisible":true,"ListVisible":true,"ListSortable":true,"ListFilterable":true,"ListWidth":"100px","Order":10000}
QuickNSmart;Order;Discount;;{"Type":"DisplaySetting","ScaffoldItem":true,"IsModelItem":false,"Readonly":false,"FormatValue":"","Visible":true,"DisplayVisible":true,"EditVisible":true,"ListVisible":true,"ListSortable":true,"ListFilterable":true,"ListWidth":"100px","Order":10000}
QuickNSmart;Order;RowVersion;;{"Type":"DisplaySetting","ScaffoldItem":true,"IsModelItem":false,"Readonly":false,"FormatValue":"","Visible":false,"DisplayVisible":true,"EditVisible":true,"ListVisible":true,"ListSortable":true,"ListFilterable":true,"ListWidth":"100%","Order":10000}
QuickNSmart;Order;Id;;{"Type":"DisplaySetting","ScaffoldItem":true,"IsModelItem":false,"Readonly":false,"FormatValue":"","Visible":false,"DisplayVisible":true,"EditVisible":true,"ListVisible":true,"ListSortable":true,"ListFilterable":true,"ListWidth":"100px","Order":10000}
QuickNSmart;Order;ProductName;;{"Type":"DisplaySetting","ScaffoldItem":true,"IsModelItem":false,"Readonly":false,"FormatValue":"","Visible":true,"DisplayVisible":true,"EditVisible":true,"ListVisible":true,"ListSortable":true,"ListFilterable":true,"ListWidth":"100%","Order":10000}
QnSProjectAward;NavMenu;Home;;{"Type":"MenuItem","Text":"Home","Value":"home","Path":"/","Icon":"home","Order":1}
QnSProjectAward;Translation;PageSize;;50
QnSProjectAward;TranslationDataGrid;Setting;;{"Type":"DataGridSetting","HasDataGridProgress":true,"HasEditDialogHeader":false,"HasEditDialogFooter":true,"HasDeleteDialogHeader":false,"HasDeleteDialogFooter":true}
QnSProjectAward;TranslationDataGrid;EditOptions;;{"Type":"DialogOptions","ShowTitle":true,"ShowClose":true,"Left":"","Top":"","Bottom":"","Width":"800px","Height":""}
QnSProjectAward;TranslationDataGrid;DeleteOptions;;{"Type":"DialogOptions","ShowTitle":true,"ShowClose":true,"Left":"","Top":"","Bottom":"","Width":"800px","Height":""}
QnSProjectAward;Translation;AppName;;{"Type":"DisplaySetting","ScaffoldItem":true,"IsModelItem":false,"Readonly":false,"Visible":true,"DisplayVisible":true,"EditVisible":true,"ListVisible":true,"ListSortable":true,"ListFilterable":true,"FormatValue":"","ListWidth":"100%","Order":10000}
QnSProjectAward;Translation;KeyLanguage;;{"Type":"DisplaySetting","ScaffoldItem":true,"IsModelItem":false,"Readonly":false,"Visible":true,"DisplayVisible":true,"EditVisible":true,"ListVisible":true,"ListSortable":true,"ListFilterable":true,"FormatValue":"","ListWidth":"100px","Order":10000}
QnSProjectAward;Translation;Key;;{"Type":"DisplaySetting","ScaffoldItem":true,"IsModelItem":false,"Readonly":false,"Visible":true,"DisplayVisible":true,"EditVisible":true,"ListVisible":true,"ListSortable":true,"ListFilterable":true,"FormatValue":"","ListWidth":"100%","Order":10000}
QnSProjectAward;Translation;ValueLanguage;;{"Type":"DisplaySetting","ScaffoldItem":true,"IsModelItem":false,"Readonly":false,"Visible":true,"DisplayVisible":true,"EditVisible":true,"ListVisible":true,"ListSortable":true,"ListFilterable":true,"FormatValue":"","ListWidth":"100px","Order":10000}
QnSProjectAward;Translation;Value;;{"Type":"DisplaySetting","ScaffoldItem":true,"IsModelItem":false,"Readonly":false,"Visible":true,"DisplayVisible":true,"EditVisible":true,"ListVisible":true,"ListSortable":true,"ListFilterable":true,"FormatValue":"","ListWidth":"100%","Order":10000}
QnSProjectAward;Translation;Id;;{"Type":"DisplaySetting","ScaffoldItem":true,"IsModelItem":false,"Readonly":false,"Visible":false,"DisplayVisible":true,"EditVisible":true,"ListVisible":true,"ListSortable":true,"ListFilterable":true,"FormatValue":"","ListWidth":"100px","Order":10000}
QnSProjectAward;Translation;RowVersion;;{"Type":"DisplaySetting","ScaffoldItem":true,"IsModelItem":false,"Readonly":false,"Visible":false,"DisplayVisible":true,"EditVisible":true,"ListVisible":true,"ListSortable":true,"ListFilterable":true,"FormatValue":"","ListWidth":"100%","Order":10000}
QnSProjectAward;BinaryData;PageSize;;50
QnSProjectAward;BinaryDataDataGrid;Setting;;{"Type":"DataGridSetting","HasDataGridProgress":true,"HasEditDialogHeader":false,"HasEditDialogFooter":true,"HasDeleteDialogHeader":false,"HasDeleteDialogFooter":true}
QnSProjectAward;BinaryDataDataGrid;EditOptions;;{"Type":"DialogOptions","ShowTitle":true,"ShowClose":true,"Left":"","Top":"","Bottom":"","Width":"800px","Height":""}
QnSProjectAward;BinaryDataDataGrid;DeleteOptions;;{"Type":"DialogOptions","ShowTitle":true,"ShowClose":true,"Left":"","Top":"","Bottom":"","Width":"800px","Height":""}
QnSProjectAward;BinaryData;Guid;;{"Type":"DisplaySetting","ScaffoldItem":true,"IsModelItem":false,"Readonly":false,"Visible":true,"DisplayVisible":true,"EditVisible":true,"ListVisible":true,"ListSortable":true,"ListFilterable":true,"FormatValue":"","ListWidth":"100%","Order":10000}
QnSProjectAward;BinaryData;Data;;{"Type":"DisplaySetting","ScaffoldItem":true,"IsModelItem":false,"Readonly":false,"Visible":false,"DisplayVisible":true,"EditVisible":true,"ListVisible":true,"ListSortable":true,"ListFilterable":true,"FormatValue":"","ListWidth":"100%","Order":10000}
QnSProjectAward;BinaryData;RowVersion;;{"Type":"DisplaySetting","ScaffoldItem":true,"IsModelItem":false,"Readonly":false,"Visible":false,"DisplayVisible":true,"EditVisible":true,"ListVisible":true,"ListSortable":true,"ListFilterable":true,"FormatValue":"","ListWidth":"100%","Order":10000}
QnSProjectAward;BinaryData;Id;;{"Type":"DisplaySetting","ScaffoldItem":true,"IsModelItem":false,"Readonly":false,"Visible":false,"DisplayVisible":true,"EditVisible":true,"ListVisible":true,"ListSortable":true,"ListFilterable":true,"FormatValue":"","ListWidth":"100px","Order":10000}
QnSProjectAward;Setting;PageSize;;50
QnSProjectAward;SettingDataGrid;Setting;;{"Type":"DataGridSetting","HasDataGridProgress":true,"HasEditDialogHeader":false,"HasEditDialogFooter":true,"HasDeleteDialogHeader":false,"HasDeleteDialogFooter":true}
QnSProjectAward;SettingDataGrid;EditOptions;;{"Type":"DialogOptions","ShowTitle":true,"ShowClose":true,"Left":"","Top":"","Bottom":"","Width":"800px","Height":""}
QnSProjectAward;SettingDataGrid;DeleteOptions;;{"Type":"DialogOptions","ShowTitle":true,"ShowClose":true,"Left":"","Top":"","Bottom":"","Width":"800px","Height":""}
QnSProjectAward;Setting;AppName;;{"Type":"DisplaySetting","ScaffoldItem":true,"IsModelItem":false,"Readonly":false,"Visible":true,"DisplayVisible":true,"EditVisible":true,"ListVisible":true,"ListSortable":true,"ListFilterable":true,"FormatValue":"","ListWidth":"100%","Order":10000}
QnSProjectAward;Setting;Key;;{"Type":"DisplaySetting","ScaffoldItem":true,"IsModelItem":false,"Readonly":false,"Visible":true,"DisplayVisible":true,"EditVisible":true,"ListVisible":true,"ListSortable":true,"ListFilterable":true,"FormatValue":"","ListWidth":"100%","Order":10000}
QnSProjectAward;Setting;Value;;{"Type":"DisplaySetting","ScaffoldItem":true,"IsModelItem":false,"Readonly":false,"Visible":true,"DisplayVisible":true,"EditVisible":true,"ListVisible":true,"ListSortable":true,"ListFilterable":true,"FormatValue":"","ListWidth":"100%","Order":10000}
QnSProjectAward;Setting;Id;;{"Type":"DisplaySetting","ScaffoldItem":true,"IsModelItem":false,"Readonly":false,"Visible":false,"DisplayVisible":true,"EditVisible":true,"ListVisible":true,"ListSortable":true,"ListFilterable":true,"FormatValue":"","ListWidth":"100px","Order":10000}
QnSProjectAward;Setting;RowVersion;;{"Type":"DisplaySetting","ScaffoldItem":true,"IsModelItem":false,"Readonly":false,"Visible":false,"DisplayVisible":true,"EditVisible":true,"ListVisible":true,"ListSortable":true,"ListFilterable":true,"FormatValue":"","ListWidth":"100%","Order":10000}
QnSProjectAward;ActionLog;PageSize;;50
QnSProjectAward;ActionLogDataGrid;Setting;;{"Type":"DataGridSetting","HasDataGridProgress":true,"HasEditDialogHeader":false,"HasEditDialogFooter":true,"HasDeleteDialogHeader":false,"HasDeleteDialogFooter":true}
QnSProjectAward;ActionLogDataGrid;EditOptions;;{"Type":"DialogOptions","ShowTitle":true,"ShowClose":true,"Left":"","Top":"","Bottom":"","Width":"800px","Height":""}
QnSProjectAward;ActionLogDataGrid;DeleteOptions;;{"Type":"DialogOptions","ShowTitle":true,"ShowClose":true,"Left":"","Top":"","Bottom":"","Width":"800px","Height":""}
QnSProjectAward;ActionLog;IdentityId;;{"Type":"DisplaySetting","ScaffoldItem":true,"IsModelItem":false,"Readonly":false,"Visible":true,"DisplayVisible":true,"EditVisible":true,"ListVisible":true,"ListSortable":true,"ListFilterable":true,"FormatValue":"","ListWidth":"100px","Order":10000}
QnSProjectAward;ActionLog;Time;;{"Type":"DisplaySetting","ScaffoldItem":true,"IsModelItem":false,"Readonly":false,"Visible":true,"DisplayVisible":true,"EditVisible":true,"ListVisible":true,"ListSortable":true,"ListFilterable":true,"FormatValue":"","ListWidth":"150px","Order":10000}
QnSProjectAward;ActionLog;Subject;;{"Type":"DisplaySetting","ScaffoldItem":true,"IsModelItem":false,"Readonly":false,"Visible":true,"DisplayVisible":true,"EditVisible":true,"ListVisible":true,"ListSortable":true,"ListFilterable":true,"FormatValue":"","ListWidth":"100%","Order":10000}
QnSProjectAward;ActionLog;Action;;{"Type":"DisplaySetting","ScaffoldItem":true,"IsModelItem":false,"Readonly":false,"Visible":true,"DisplayVisible":true,"EditVisible":true,"ListVisible":true,"ListSortable":true,"ListFilterable":true,"FormatValue":"","ListWidth":"100%","Order":10000}
QnSProjectAward;ActionLog;Info;;{"Type":"DisplaySetting","ScaffoldItem":true,"IsModelItem":false,"Readonly":false,"Visible":true,"DisplayVisible":true,"EditVisible":true,"ListVisible":true,"ListSortable":true,"ListFilterable":true,"FormatValue":"","ListWidth":"100%","Order":10000}
QnSProjectAward;ActionLog;RowVersion;;{"Type":"DisplaySetting","ScaffoldItem":true,"IsModelItem":false,"Readonly":false,"Visible":false,"DisplayVisible":true,"EditVisible":true,"ListVisible":true,"ListSortable":true,"ListFilterable":true,"FormatValue":"","ListWidth":"100%","Order":10000}
QnSProjectAward;ActionLog;Id;;{"Type":"DisplaySetting","ScaffoldItem":true,"IsModelItem":false,"Readonly":false,"Visible":false,"DisplayVisible":true,"EditVisible":true,"ListVisible":true,"ListSortable":true,"ListFilterable":true,"FormatValue":"","ListWidth":"100px","Order":10000}
QnSProjectAward;Identity;PageSize;;50
QnSProjectAward;IdentityDataGrid;Setting;;{"Type":"DataGridSetting","HasDataGridProgress":true,"HasEditDialogHeader":false,"HasEditDialogFooter":true,"HasDeleteDialogHeader":false,"HasDeleteDialogFooter":true}
QnSProjectAward;IdentityDataGrid;EditOptions;;{"Type":"DialogOptions","ShowTitle":true,"ShowClose":true,"Left":"","Top":"","Bottom":"","Width":"800px","Height":""}
QnSProjectAward;IdentityDataGrid;DeleteOptions;;{"Type":"DialogOptions","ShowTitle":true,"ShowClose":true,"Left":"","Top":"","Bottom":"","Width":"800px","Height":""}
QnSProjectAward;Identity;Guid;;{"Type":"DisplaySetting","ScaffoldItem":true,"IsModelItem":false,"Readonly":false,"Visible":true,"DisplayVisible":true,"EditVisible":true,"ListVisible":true,"ListSortable":true,"ListFilterable":true,"FormatValue":"","ListWidth":"100%","Order":10000}
QnSProjectAward;Identity;Name;;{"Type":"DisplaySetting","ScaffoldItem":true,"IsModelItem":false,"Readonly":false,"Visible":true,"DisplayVisible":true,"EditVisible":true,"ListVisible":true,"ListSortable":true,"ListFilterable":true,"FormatValue":"","ListWidth":"100%","Order":10000}
QnSProjectAward;Identity;Email;;{"Type":"DisplaySetting","ScaffoldItem":true,"IsModelItem":false,"Readonly":false,"Visible":true,"DisplayVisible":true,"EditVisible":true,"ListVisible":true,"ListSortable":true,"ListFilterable":true,"FormatValue":"","ListWidth":"100%","Order":10000}
QnSProjectAward;Identity;Password;;{"Type":"DisplaySetting","ScaffoldItem":true,"IsModelItem":false,"Readonly":false,"Visible":true,"DisplayVisible":true,"EditVisible":true,"ListVisible":true,"ListSortable":true,"ListFilterable":true,"FormatValue":"","ListWidth":"100%","Order":10000}
QnSProjectAward;Identity;TimeOutInMinutes;;{"Type":"DisplaySetting","ScaffoldItem":true,"IsModelItem":false,"Readonly":false,"Visible":true,"DisplayVisible":true,"EditVisible":true,"ListVisible":true,"ListSortable":true,"ListFilterable":true,"FormatValue":"","ListWidth":"100px","Order":10000}
QnSProjectAward;Identity;EnableJwtAuth;;{"Type":"DisplaySetting","ScaffoldItem":true,"IsModelItem":false,"Readonly":false,"Visible":true,"DisplayVisible":true,"EditVisible":true,"ListVisible":true,"ListSortable":true,"ListFilterable":true,"FormatValue":"","ListWidth":"100%","Order":10000}
QnSProjectAward;Identity;AccessFailedCount;;{"Type":"DisplaySetting","ScaffoldItem":true,"IsModelItem":false,"Readonly":false,"Visible":true,"DisplayVisible":true,"EditVisible":true,"ListVisible":true,"ListSortable":true,"ListFilterable":true,"FormatValue":"","ListWidth":"100px","Order":10000}
QnSProjectAward;Identity;State;;{"Type":"DisplaySetting","ScaffoldItem":true,"IsModelItem":false,"Readonly":false,"Visible":true,"DisplayVisible":true,"EditVisible":true,"ListVisible":true,"ListSortable":true,"ListFilterable":true,"FormatValue":"","ListWidth":"100px","Order":10000}
QnSProjectAward;Identity;RowVersion;;{"Type":"DisplaySetting","ScaffoldItem":true,"IsModelItem":false,"Readonly":false,"Visible":false,"DisplayVisible":true,"EditVisible":true,"ListVisible":true,"ListSortable":true,"ListFilterable":true,"FormatValue":"","ListWidth":"100%","Order":10000}
QnSProjectAward;Identity;Id;;{"Type":"DisplaySetting","ScaffoldItem":true,"IsModelItem":false,"Readonly":false,"Visible":false,"DisplayVisible":true,"EditVisible":true,"ListVisible":true,"ListSortable":true,"ListFilterable":true,"FormatValue":"","ListWidth":"100px","Order":10000}
QnSProjectAward;IdentityXRole;PageSize;;50
QnSProjectAward;IdentityXRoleDataGrid;Setting;;{"Type":"DataGridSetting","HasDataGridProgress":true,"HasEditDialogHeader":false,"HasEditDialogFooter":true,"HasDeleteDialogHeader":false,"HasDeleteDialogFooter":true}
QnSProjectAward;IdentityXRoleDataGrid;EditOptions;;{"Type":"DialogOptions","ShowTitle":true,"ShowClose":true,"Left":"","Top":"","Bottom":"","Width":"800px","Height":""}
QnSProjectAward;IdentityXRoleDataGrid;DeleteOptions;;{"Type":"DialogOptions","ShowTitle":true,"ShowClose":true,"Left":"","Top":"","Bottom":"","Width":"800px","Height":""}
QnSProjectAward;IdentityXRole;IdentityId;;{"Type":"DisplaySetting","ScaffoldItem":true,"IsModelItem":false,"Readonly":false,"Visible":true,"DisplayVisible":true,"EditVisible":true,"ListVisible":true,"ListSortable":true,"ListFilterable":true,"FormatValue":"","ListWidth":"100px","Order":10000}
QnSProjectAward;IdentityXRole;RoleId;;{"Type":"DisplaySetting","ScaffoldItem":true,"IsModelItem":false,"Readonly":false,"Visible":true,"DisplayVisible":true,"EditVisible":true,"ListVisible":true,"ListSortable":true,"ListFilterable":true,"FormatValue":"","ListWidth":"100px","Order":10000}
QnSProjectAward;IdentityXRole;RowVersion;;{"Type":"DisplaySetting","ScaffoldItem":true,"IsModelItem":false,"Readonly":false,"Visible":false,"DisplayVisible":true,"EditVisible":true,"ListVisible":true,"ListSortable":true,"ListFilterable":true,"FormatValue":"","ListWidth":"100%","Order":10000}
QnSProjectAward;IdentityXRole;Id;;{"Type":"DisplaySetting","ScaffoldItem":true,"IsModelItem":false,"Readonly":false,"Visible":false,"DisplayVisible":true,"EditVisible":true,"ListVisible":true,"ListSortable":true,"ListFilterable":true,"FormatValue":"","ListWidth":"100px","Order":10000}
QnSProjectAward;LoginSession;PageSize;;50
QnSProjectAward;LoginSessionDataGrid;Setting;;{"Type":"DataGridSetting","HasDataGridProgress":true,"HasEditDialogHeader":false,"HasEditDialogFooter":true,"HasDeleteDialogHeader":false,"HasDeleteDialogFooter":true}
QnSProjectAward;LoginSessionDataGrid;EditOptions;;{"Type":"DialogOptions","ShowTitle":true,"ShowClose":true,"Left":"","Top":"","Bottom":"","Width":"800px","Height":""}
QnSProjectAward;LoginSessionDataGrid;DeleteOptions;;{"Type":"DialogOptions","ShowTitle":true,"ShowClose":true,"Left":"","Top":"","Bottom":"","Width":"800px","Height":""}
QnSProjectAward;LoginSession;IdentityId;;{"Type":"DisplaySetting","ScaffoldItem":true,"IsModelItem":false,"Readonly":false,"Visible":true,"DisplayVisible":true,"EditVisible":true,"ListVisible":true,"ListSortable":true,"ListFilterable":true,"FormatValue":"","ListWidth":"100px","Order":10000}
QnSProjectAward;LoginSession;IsRemoteAuth;;{"Type":"DisplaySetting","ScaffoldItem":true,"IsModelItem":false,"Readonly":false,"Visible":true,"DisplayVisible":true,"EditVisible":true,"ListVisible":true,"ListSortable":true,"ListFilterable":true,"FormatValue":"","ListWidth":"100%","Order":10000}
QnSProjectAward;LoginSession;Origin;;{"Type":"DisplaySetting","ScaffoldItem":true,"IsModelItem":false,"Readonly":false,"Visible":true,"DisplayVisible":true,"EditVisible":true,"ListVisible":true,"ListSortable":true,"ListFilterable":true,"FormatValue":"","ListWidth":"100%","Order":10000}
QnSProjectAward;LoginSession;Name;;{"Type":"DisplaySetting","ScaffoldItem":true,"IsModelItem":false,"Readonly":false,"Visible":true,"DisplayVisible":true,"EditVisible":true,"ListVisible":true,"ListSortable":true,"ListFilterable":true,"FormatValue":"","ListWidth":"100%","Order":10000}
QnSProjectAward;LoginSession;Email;;{"Type":"DisplaySetting","ScaffoldItem":true,"IsModelItem":false,"Readonly":false,"Visible":true,"DisplayVisible":true,"EditVisible":true,"ListVisible":true,"ListSortable":true,"ListFilterable":true,"FormatValue":"","ListWidth":"100%","Order":10000}
QnSProjectAward;LoginSession;TimeOutInMinutes;;{"Type":"DisplaySetting","ScaffoldItem":true,"IsModelItem":false,"Readonly":false,"Visible":true,"DisplayVisible":true,"EditVisible":true,"ListVisible":true,"ListSortable":true,"ListFilterable":true,"FormatValue":"","ListWidth":"100px","Order":10000}
QnSProjectAward;LoginSession;JsonWebToken;;{"Type":"DisplaySetting","ScaffoldItem":true,"IsModelItem":false,"Readonly":false,"Visible":true,"DisplayVisible":true,"EditVisible":true,"ListVisible":true,"ListSortable":true,"ListFilterable":true,"FormatValue":"","ListWidth":"100%","Order":10000}
QnSProjectAward;LoginSession;SessionToken;;{"Type":"DisplaySetting","ScaffoldItem":true,"IsModelItem":false,"Readonly":false,"Visible":true,"DisplayVisible":true,"EditVisible":true,"ListVisible":true,"ListSortable":true,"ListFilterable":true,"FormatValue":"","ListWidth":"100%","Order":10000}
QnSProjectAward;LoginSession;LoginTime;;{"Type":"DisplaySetting","ScaffoldItem":true,"IsModelItem":false,"Readonly":false,"Visible":true,"DisplayVisible":true,"EditVisible":true,"ListVisible":true,"ListSortable":true,"ListFilterable":true,"FormatValue":"","ListWidth":"150px","Order":10000}
QnSProjectAward;LoginSession;LastAccess;;{"Type":"DisplaySetting","ScaffoldItem":true,"IsModelItem":false,"Readonly":false,"Visible":true,"DisplayVisible":true,"EditVisible":true,"ListVisible":true,"ListSortable":true,"ListFilterable":true,"FormatValue":"","ListWidth":"150px","Order":10000}
QnSProjectAward;LoginSession;LogoutTime;;{"Type":"DisplaySetting","ScaffoldItem":true,"IsModelItem":false,"Readonly":false,"Visible":true,"DisplayVisible":true,"EditVisible":true,"ListVisible":true,"ListSortable":true,"ListFilterable":true,"FormatValue":"","ListWidth":"150px","Order":10000}
QnSProjectAward;LoginSession;OptionalInfo;;{"Type":"DisplaySetting","ScaffoldItem":true,"IsModelItem":false,"Readonly":false,"Visible":true,"DisplayVisible":true,"EditVisible":true,"ListVisible":true,"ListSortable":true,"ListFilterable":true,"FormatValue":"","ListWidth":"100%","Order":10000}
QnSProjectAward;LoginSession;RowVersion;;{"Type":"DisplaySetting","ScaffoldItem":true,"IsModelItem":false,"Readonly":false,"Visible":false,"DisplayVisible":true,"EditVisible":true,"ListVisible":true,"ListSortable":true,"ListFilterable":true,"FormatValue":"","ListWidth":"100%","Order":10000}
QnSProjectAward;LoginSession;Id;;{"Type":"DisplaySetting","ScaffoldItem":true,"IsModelItem":false,"Readonly":false,"Visible":false,"DisplayVisible":true,"EditVisible":true,"ListVisible":true,"ListSortable":true,"ListFilterable":true,"FormatValue":"","ListWidth":"100px","Order":10000}
QnSProjectAward;Role;PageSize;;50
QnSProjectAward;RoleDataGrid;Setting;;{"Type":"DataGridSetting","HasDataGridProgress":true,"HasEditDialogHeader":false,"HasEditDialogFooter":true,"HasDeleteDialogHeader":false,"HasDeleteDialogFooter":true}
QnSProjectAward;RoleDataGrid;EditOptions;;{"Type":"DialogOptions","ShowTitle":true,"ShowClose":true,"Left":"","Top":"","Bottom":"","Width":"800px","Height":""}
QnSProjectAward;RoleDataGrid;DeleteOptions;;{"Type":"DialogOptions","ShowTitle":true,"ShowClose":true,"Left":"","Top":"","Bottom":"","Width":"800px","Height":""}
QnSProjectAward;Role;Designation;;{"Type":"DisplaySetting","ScaffoldItem":true,"IsModelItem":false,"Readonly":false,"Visible":true,"DisplayVisible":true,"EditVisible":true,"ListVisible":true,"ListSortable":true,"ListFilterable":true,"FormatValue":"","ListWidth":"100%","Order":10000}
QnSProjectAward;Role;Description;;{"Type":"DisplaySetting","ScaffoldItem":true,"IsModelItem":false,"Readonly":false,"Visible":true,"DisplayVisible":true,"EditVisible":true,"ListVisible":true,"ListSortable":true,"ListFilterable":true,"FormatValue":"","ListWidth":"100%","Order":10000}
QnSProjectAward;Role;RowVersion;;{"Type":"DisplaySetting","ScaffoldItem":true,"IsModelItem":false,"Readonly":false,"Visible":false,"DisplayVisible":true,"EditVisible":true,"ListVisible":true,"ListSortable":true,"ListFilterable":true,"FormatValue":"","ListWidth":"100%","Order":10000}
QnSProjectAward;Role;Id;;{"Type":"DisplaySetting","ScaffoldItem":true,"IsModelItem":false,"Readonly":false,"Visible":false,"DisplayVisible":true,"EditVisible":true,"ListVisible":true,"ListSortable":true,"ListFilterable":true,"FormatValue":"","ListWidth":"100px","Order":10000}
QnSProjectAward;User;PageSize;;50
QnSProjectAward;UserDataGrid;Setting;;{"Type":"DataGridSetting","HasDataGridProgress":true,"HasEditDialogHeader":false,"HasEditDialogFooter":true,"HasDeleteDialogHeader":false,"HasDeleteDialogFooter":true}
QnSProjectAward;UserDataGrid;EditOptions;;{"Type":"DialogOptions","ShowTitle":true,"ShowClose":true,"Left":"","Top":"","Bottom":"","Width":"800px","Height":""}
QnSProjectAward;UserDataGrid;DeleteOptions;;{"Type":"DialogOptions","ShowTitle":true,"ShowClose":true,"Left":"","Top":"","Bottom":"","Width":"800px","Height":""}
QnSProjectAward;User;IdentityId;;{"Type":"DisplaySetting","ScaffoldItem":true,"IsModelItem":false,"Readonly":false,"Visible":true,"DisplayVisible":true,"EditVisible":true,"ListVisible":true,"ListSortable":true,"ListFilterable":true,"FormatValue":"","ListWidth":"100px","Order":10000}
QnSProjectAward;User;Firstname;;{"Type":"DisplaySetting","ScaffoldItem":true,"IsModelItem":false,"Readonly":false,"Visible":true,"DisplayVisible":true,"EditVisible":true,"ListVisible":true,"ListSortable":true,"ListFilterable":true,"FormatValue":"","ListWidth":"100%","Order":10000}
QnSProjectAward;User;Lastname;;{"Type":"DisplaySetting","ScaffoldItem":true,"IsModelItem":false,"Readonly":false,"Visible":true,"DisplayVisible":true,"EditVisible":true,"ListVisible":true,"ListSortable":true,"ListFilterable":true,"FormatValue":"","ListWidth":"100%","Order":10000}
QnSProjectAward;User;RowVersion;;{"Type":"DisplaySetting","ScaffoldItem":true,"IsModelItem":false,"Readonly":false,"Visible":false,"DisplayVisible":true,"EditVisible":true,"ListVisible":true,"ListSortable":true,"ListFilterable":true,"FormatValue":"","ListWidth":"100%","Order":10000}
QnSProjectAward;User;Id;;{"Type":"DisplaySetting","ScaffoldItem":true,"IsModelItem":false,"Readonly":false,"Visible":false,"DisplayVisible":true,"EditVisible":true,"ListVisible":true,"ListSortable":true,"ListFilterable":true,"FormatValue":"","ListWidth":"100px","Order":10000}
QnSProjectAward;AppAccess;PageSize;;50
QnSProjectAward;AppAccessDataGrid;Setting;;{"Type":"DataGridSetting","HasDataGridProgress":true,"HasEditDialogHeader":false,"HasEditDialogFooter":true,"HasDeleteDialogHeader":false,"HasDeleteDialogFooter":true}
QnSProjectAward;AppAccessDataGrid;EditOptions;;{"Type":"DialogOptions","ShowTitle":true,"ShowClose":true,"Left":"","Top":"","Bottom":"","Width":"800px","Height":""}
QnSProjectAward;AppAccessDataGrid;DeleteOptions;;{"Type":"DialogOptions","ShowTitle":true,"ShowClose":true,"Left":"","Top":"","Bottom":"","Width":"800px","Height":""}
QnSProjectAward;AppAccess;OneItem;;{"Type":"DisplaySetting","ScaffoldItem":true,"IsModelItem":false,"Readonly":false,"Visible":true,"DisplayVisible":true,"EditVisible":true,"ListVisible":true,"ListSortable":true,"ListFilterable":true,"FormatValue":"","ListWidth":"100%","Order":10000}
QnSProjectAward;AppAccess;ManyItems;;{"Type":"DisplaySetting","ScaffoldItem":true,"IsModelItem":false,"Readonly":false,"Visible":true,"DisplayVisible":true,"EditVisible":true,"ListVisible":true,"ListSortable":true,"ListFilterable":true,"FormatValue":"","ListWidth":"100%","Order":10000}
QnSProjectAward;AppAccess;Id;;{"Type":"DisplaySetting","ScaffoldItem":true,"IsModelItem":false,"Readonly":false,"Visible":false,"DisplayVisible":true,"EditVisible":true,"ListVisible":true,"ListSortable":true,"ListFilterable":true,"FormatValue":"","ListWidth":"100px","Order":10000}
QnSProjectAward;IdentityUser;PageSize;;50
QnSProjectAward;IdentityUserDataGrid;Setting;;{"Type":"DataGridSetting","HasDataGridProgress":true,"HasEditDialogHeader":false,"HasEditDialogFooter":true,"HasDeleteDialogHeader":false,"HasDeleteDialogFooter":true}
QnSProjectAward;IdentityUserDataGrid;EditOptions;;{"Type":"DialogOptions","ShowTitle":true,"ShowClose":true,"Left":"","Top":"","Bottom":"","Width":"800px","Height":""}
QnSProjectAward;IdentityUserDataGrid;DeleteOptions;;{"Type":"DialogOptions","ShowTitle":true,"ShowClose":true,"Left":"","Top":"","Bottom":"","Width":"800px","Height":""}
QnSProjectAward;IdentityUser;OneItem;;{"Type":"DisplaySetting","ScaffoldItem":true,"IsModelItem":false,"Readonly":false,"Visible":true,"DisplayVisible":true,"EditVisible":true,"ListVisible":true,"ListSortable":true,"ListFilterable":true,"FormatValue":"","ListWidth":"100%","Order":10000}
QnSProjectAward;IdentityUser;AnotherItem;;{"Type":"DisplaySetting","ScaffoldItem":true,"IsModelItem":false,"Readonly":false,"Visible":true,"DisplayVisible":true,"EditVisible":true,"ListVisible":true,"ListSortable":true,"ListFilterable":true,"FormatValue":"","ListWidth":"100%","Order":10000}
QnSProjectAward;IdentityUser;Id;;{"Type":"DisplaySetting","ScaffoldItem":true,"IsModelItem":false,"Readonly":false,"Visible":false,"DisplayVisible":true,"EditVisible":true,"ListVisible":true,"ListSortable":true,"ListFilterable":true,"FormatValue":"","ListWidth":"100px","Order":10000}
QnSProjectAward;JsonWebLogon;PageSize;;50
QnSProjectAward;JsonWebLogonDataGrid;Setting;;{"Type":"DataGridSetting","HasDataGridProgress":true,"HasEditDialogHeader":false,"HasEditDialogFooter":true,"HasDeleteDialogHeader":false,"HasDeleteDialogFooter":true}
QnSProjectAward;JsonWebLogonDataGrid;EditOptions;;{"Type":"DialogOptions","ShowTitle":true,"ShowClose":true,"Left":"","Top":"","Bottom":"","Width":"800px","Height":""}
QnSProjectAward;JsonWebLogonDataGrid;DeleteOptions;;{"Type":"DialogOptions","ShowTitle":true,"ShowClose":true,"Left":"","Top":"","Bottom":"","Width":"800px","Height":""}
QnSProjectAward;JsonWebLogon;Token;;{"Type":"DisplaySetting","ScaffoldItem":true,"IsModelItem":false,"Readonly":false,"Visible":true,"DisplayVisible":true,"EditVisible":true,"ListVisible":true,"ListSortable":true,"ListFilterable":true,"FormatValue":"","ListWidth":"100%","Order":10000}
QnSProjectAward;Logon;PageSize;;50
QnSProjectAward;LogonDataGrid;Setting;;{"Type":"DataGridSetting","HasDataGridProgress":true,"HasEditDialogHeader":false,"HasEditDialogFooter":true,"HasDeleteDialogHeader":false,"HasDeleteDialogFooter":true}
QnSProjectAward;LogonDataGrid;EditOptions;;{"Type":"DialogOptions","ShowTitle":true,"ShowClose":true,"Left":"","Top":"","Bottom":"","Width":"800px","Height":""}
QnSProjectAward;LogonDataGrid;DeleteOptions;;{"Type":"DialogOptions","ShowTitle":true,"ShowClose":true,"Left":"","Top":"","Bottom":"","Width":"800px","Height":""}
QnSProjectAward;Logon;Email;;{"Type":"DisplaySetting","ScaffoldItem":true,"IsModelItem":false,"Readonly":false,"Visible":true,"DisplayVisible":true,"EditVisible":true,"ListVisible":true,"ListSortable":true,"ListFilterable":true,"FormatValue":"","ListWidth":"100%","Order":10000}
QnSProjectAward;Logon;Password;;{"Type":"DisplaySetting","ScaffoldItem":true,"IsModelItem":false,"Readonly":false,"Visible":true,"DisplayVisible":true,"EditVisible":true,"ListVisible":true,"ListSortable":true,"ListFilterable":true,"FormatValue":"","ListWidth":"100%","Order":10000}
QnSProjectAward;Logon;OptionalInfo;;{"Type":"DisplaySetting","ScaffoldItem":true,"IsModelItem":false,"Readonly":false,"Visible":true,"DisplayVisible":true,"EditVisible":true,"ListVisible":true,"ListSortable":true,"ListFilterable":true,"FormatValue":"","ListWidth":"100%","Order":10000}
